DISTRICT NAME,SUB-DISTRICT NAME
Chamba,Pangi
Chamba,Chaurah
Chamba,Saluni
Chamba,Bhalai
Chamba,Dalhousie
Chamba,Bhattiyat
Chamba,Sihunta
Chamba,Chamba
Chamba,Holi
Chamba,Brahmaur
Kangra,Nurpur
Kangra,Indora
Kangra,Fatehpur
Kangra,Jawali
Kangra,Harchakian
Kangra,Shahpur
Kangra,Dharmsala
Kangra,Kangra
Kangra,Nagrota Bagwan
Kangra,Baroh
Kangra,Dera Gopipur
Kangra,Jawalamukhi
Kangra,Jaswan
Kangra,Rakkar
Kangra,Khundian
Kangra,Thural
Kangra,Dhira
Kangra,Jaisinghpur
Kangra,Palampur
Kangra,Baijnath
Kangra,Multhan
Lahul & Spiti,Udaipur
Lahul & Spiti,Lahul
Lahul & Spiti,Spiti
Kullu,Manali
Kullu,Kullu
Kullu,Sainj
Kullu,Banjar
Kullu,Ani
Kullu,Nermand
Mandi,Padhar
Mandi,Jogindarnagar
Mandi,Lad Bharol
Mandi,Sandhol
Mandi,Dharmpur
Mandi,Kotli
Mandi,Sarkaghat
Mandi,Bhadrota
Mandi,Baldwara
Mandi,Sundarnagar
Mandi,Mandi
Mandi,Aut
Mandi,Bali Chowki
Mandi,Thunag
Mandi,Chachyot
Mandi,Nihri
Mandi,Karsog
Hamirpur,Tira Sujanpur
Hamirpur,Nadaun
Hamirpur,Galore
Hamirpur,Hamirpur
Hamirpur,Barsar
Hamirpur,Dhatwal
Hamirpur,Bhoranj
Una,Bharwain
Una,Amb
Una,Bangana
Una,Una
Una,Haroli
Bilaspur,Ghumarwin
Bilaspur,Bharari
Bilaspur,Jhanduta
Bilaspur,Naina Devi
Bilaspur,Bilaspur Sadar
Bilaspur,Namhol
Solan,Arki
Solan,Darlaghat
Solan,Ramshahr
Solan,Nalagarh
Solan,Baddi
Solan,Krishangarh
Solan,Kasauli
Solan,Solan
Solan,Kandaghat
Sirmaur,Rajgarh
Sirmaur,Nohra
Sirmaur,Pachhad
Sirmaur,Renuka
Sirmaur,Dadahu
Sirmaur,Nahan
Sirmaur,Paonta Sahib
Sirmaur,Kamrau
Sirmaur,Shalai
Sirmaur,Ronhat
Shimla,Rampur
Shimla,Nankhari
Shimla,Kumharsain
Shimla,Seoni
Shimla,Shimla   ( Rural )
Shimla,Junga
Shimla,Theog
Shimla,Chaupal
Shimla,Cheta
Shimla,Nerua
Shimla,Jubbal
Shimla,Kotkhai
Shimla,Tikar
Shimla,Rohru
Shimla,Chirgaon
Shimla,Dodra Kwar
Kinnaur,Hangrang
Kinnaur,Poo
Kinnaur,Morang
Kinnaur,Kalpa
Kinnaur,Nichar
Kinnaur,Sangla
Gurdaspur,Dhar Kalan
Gurdaspur,Pathankot
Gurdaspur,Gurdaspur
Gurdaspur,Batala
Gurdaspur,Dera Baba Nanak
Kapurthala,Bhulath
Kapurthala,Kapurthala
Kapurthala,Sultanpur Lodhi
Kapurthala,Phagwara
Jalandhar,Shahkot
Jalandhar,Nakodar
Jalandhar,Phillaur
Jalandhar,Jalandhar - I
Jalandhar,Jalandhar - Ii
Hoshiarpur,Dasua
Hoshiarpur,Mukerian
Hoshiarpur,Hoshiarpur
Hoshiarpur,Garhshankar
Shahid Bhagat Singh Nagar,Nawanshahr
Shahid Bhagat Singh Nagar,Balachaur
Fatehgarh Sahib,Bassi Pathana
Fatehgarh Sahib,Fatehgarh Sahib
Fatehgarh Sahib,Amloh
Fatehgarh Sahib,Khamanon
Ludhiana,Samrala
Ludhiana,Khanna
Ludhiana,Payal
Ludhiana,Ludhiana (East)
Ludhiana,Ludhiana (West)
Ludhiana,Raikot
Ludhiana,Jagraon
Moga,Nihal Singhwala
Moga,Bagha Purana
Moga,Moga
Firozpur,Zira
Firozpur,Firozpur
Firozpur,Jalalabad
Firozpur,Fazilka
Firozpur,Abohar
Muktsar,Malout
Muktsar,Gidderbaha
Muktsar,Muktsar
Faridkot,Faridkot
Faridkot,Jaitu
Bathinda,Rampura Phul
Bathinda,Bathinda
Bathinda,Talwandi Sabo
Mansa,Sardulgarh
Mansa,Budhlada
Mansa,Mansa
Patiala,Samana
Patiala,Patran
Patiala,Nabha
Patiala,Patiala
Patiala,Rajpura
Amritsar,Ajnala
Amritsar,Amritsar -I
Amritsar,Amritsar- Ii
Amritsar,Baba Bakala
Tarn Taran,Tarn Taran
Tarn Taran,Patti
Tarn Taran,Khadur Sahib
Rupnagar,Anandpur Sahib
Rupnagar,Nangal
Rupnagar,Rup Nagar
Rupnagar,Chamkaur Sahib
Sahibzada Ajit Singh Nagar,Kharar
Sahibzada Ajit Singh Nagar,Sas Nagar (Mohali)
Sahibzada Ajit Singh Nagar,Dera Bassi
Sangrur,Malerkotla
Sangrur,Dhuri
Sangrur,Sangrur
Sangrur,Sunam
Sangrur,Lehra
Sangrur,Moonak
Barnala,Barnala
Barnala,Tapa
Panchkula,Kalka
Panchkula,Panchkula
Ambala,Naraingarh
Ambala,Ambala
Ambala,Barara
Yamunanagar,Jagadhri
Yamunanagar,Bilaspur
Yamunanagar,Chhachhrauli
Kurukshetra,Shahbad
Kurukshetra,Pehowa
Kurukshetra,Thanesar
Kaithal,Guhla
Kaithal,Kaithal
Kaithal,Fatehpur Pundri
Karnal,Nilokheri
Karnal,Indri
Karnal,Karnal
Karnal,Assandh
Karnal,Gharaunda
Panipat,Panipat
Panipat,Israna
Panipat,Samalkha
Sonipat,Gohana
Sonipat,Ganaur
Sonipat,Sonipat
Sonipat,Kharkhoda
Jind,Narwana
Jind,Jind
Jind,Julana
Jind,Safidon
Fatehabad,Ratia
Fatehabad,Tohana
Fatehabad,Fatehabad
Sirsa,Dabwali
Sirsa,Sirsa
Sirsa,Rania
Sirsa,Ellenabad
Hisar,Adampur
Hisar,Hisar
Hisar,Narnaund
Hisar,Hansi
Bhiwani,Bawani Khera
Bhiwani,Bhiwani
Bhiwani,Tosham
Bhiwani,Siwani
Bhiwani,Loharu
Bhiwani,Dadri
Bhiwani,Badhra
Rohtak,Maham
Rohtak,Rohtak
Rohtak,Sampla
Jhajjar,Beri
Jhajjar,Bahadurgarh
Jhajjar,Jhajjar
Jhajjar,Matenhail
Mahendragarh,Mahendragarh
Mahendragarh,Narnaul
Rewari,Kosli
Rewari,Rewari
Rewari,Bawal
Gurgaon,Pataudi
Gurgaon,Gurgaon
Gurgaon,Farrukhnagar
Gurgaon,Manesar
Gurgaon,Sohna
Mewat,Taoru
Mewat,Nuh
Mewat,Ferozepur Jhirka
Mewat,Punahana
Faridabad,Faridabad
Faridabad,Ballabgarh
Palwal,Palwal
Palwal,Hathin
Palwal,Hodal
Ganganagar,Karanpur
Ganganagar,Ganganagar
Ganganagar,Sadulshahar
Ganganagar,Padampur
Ganganagar,Raisinghnagar
Ganganagar,Anupgarh
Ganganagar,Gharsana
Ganganagar,Vijainagar
Ganganagar,Suratgarh
Hanumangarh,Sangaria
Hanumangarh,Tibi
Hanumangarh,Hanumangarh
Hanumangarh,Pilibanga
Hanumangarh,Rawatsar
Hanumangarh,Nohar
Hanumangarh,Bhadra
Bikaner,Bikaner
Bikaner,Poogal
Bikaner,Lunkaransar
Bikaner,Kolayat
Bikaner,Nokha
Bikaner,Khajuwala
Bikaner,Chhatargarh
Bikaner,Sridungargarh
Churu,Taranagar
Churu,Rajgarh
Churu,Sardarshahar
Churu,Churu
Churu,Ratangarh
Churu,Sujangarh
Jhunjhunun,Jhunjhunun
Jhunjhunun,Chirawa
Jhunjhunun,Buhana
Jhunjhunun,Khetri
Jhunjhunun,Nawalgarh
Jhunjhunun,Udaipurwati
Alwar,Behror
Alwar,Mandawar
Alwar,Kotkasim
Alwar,Tijara
Alwar,Kishangarh Bas
Alwar,Ramgarh
Alwar,Alwar
Alwar,Bansur
Alwar,Thanagazi
Alwar,Rajgarh
Alwar,Lachhmangarh
Alwar,Kathumar
Bharatpur,Pahari
Bharatpur,Kaman
Bharatpur,Nagar
Bharatpur,Deeg
Bharatpur,Nadbai
Bharatpur,Kumher
Bharatpur,Bharatpur
Bharatpur,Weir
Bharatpur,Bayana
Bharatpur,Rupbas
Dhaulpur,Baseri
Dhaulpur,Bari
Dhaulpur,Sepau
Dhaulpur,Dhaulpur
Dhaulpur,Rajakhera
Karauli,Todabhim
Karauli,Nadoti
Karauli,Hindaun
Karauli,Karauli
Karauli,Mandrail
Karauli,Sapotra
Sawai Madhopur,Gangapur
Sawai Madhopur,Bamanwas
Sawai Madhopur,Malarna Doongar
Sawai Madhopur,Bonli
Sawai Madhopur,Chauth Ka Barwara
Sawai Madhopur,Sawai Madhopur
Sawai Madhopur,Khandar
Dausa,Baswa
Dausa,Mahwa
Dausa,Sikrai
Dausa,Dausa
Dausa,Lalsot
Jaipur,Kotputli
Jaipur,Viratnagar
Jaipur,Shahpura
Jaipur,Chomu
Jaipur,Phulera (Hq.Sambhar)
Jaipur,Mauzamabad
Jaipur,Phagi
Jaipur,Sanganer
Jaipur,Jaipur
Jaipur,Amber
Jaipur,Jamwa Ramgarh
Jaipur,Bassi
Jaipur,Chaksu
Sikar,Fatehpur
Sikar,Lachhmangarh
Sikar,Sikar
Sikar,Danta Ramgarh
Sikar,Sri Madhopur
Sikar,Neem-Ka-Thana
Nagaur,Ladnu
Nagaur,Didwana
Nagaur,Jayal
Nagaur,Nagaur
Nagaur,Kheenvsar
Nagaur,Merta
Nagaur,Degana
Nagaur,Parbatsar
Nagaur,Makrana
Nagaur,Nawa
Jodhpur,Phalodi
Jodhpur,Osian
Jodhpur,Bhopalgarh
Jodhpur,Jodhpur
Jodhpur,Shergarh
Jodhpur,Luni
Jodhpur,Bilara
Jaisalmer,Jaisalmer
Jaisalmer,Pokaran
Jaisalmer,Fatehgarh
Barmer,Sheo
Barmer,Baytoo
Barmer,Pachpadra
Barmer,Siwana
Barmer,Gudha Malani
Barmer,Barmer
Barmer,Ramsar
Barmer,Chohtan
Jalor,Sayla
Jalor,Ahore
Jalor,Jalor
Jalor,Bhinmal
Jalor,Bagora
Jalor,Sanchore
Jalor,Raniwara
Sirohi,Sheoganj
Sirohi,Sirohi
Sirohi,Pindwara
Sirohi,Abu Road
Sirohi,Reodar
Pali,Jaitaran
Pali,Raipur
Pali,Sojat
Pali,Rohat
Pali,Pali
Pali,Marwar Junction
Pali,Desuri
Pali,Sumerpur
Pali,Bali
Ajmer,Kishangarh
Ajmer,Ajmer
Ajmer,Peesangan
Ajmer,Beawar
Ajmer,Masuda
Ajmer,Nasirabad
Ajmer,Bhinay
Ajmer,Sarwar
Ajmer,Kekri
Tonk,Malpura
Tonk,Peeplu
Tonk,Niwai
Tonk,Tonk
Tonk,Todaraisingh
Tonk,Deoli
Tonk,Uniara
Bundi,Hindoli
Bundi,Bundi
Bundi,Nainwa
Bundi,Indragarh
Bundi,Keshoraipatan
Bhilwara,Asind
Bhilwara,Hurda
Bhilwara,Shahpura
Bhilwara,Banera
Bhilwara,Mandal
Bhilwara,Raipur
Bhilwara,Sahara
Bhilwara,Bhilwara
Bhilwara,Kotri
Bhilwara,Jahazpur
Bhilwara,Mandalgarh
Bhilwara,Beejoliya
Rajsamand,Bhim
Rajsamand,Deogarh
Rajsamand,Amet
Rajsamand,Kumbhalgarh
Rajsamand,Rajsamand
Rajsamand,Railmagra
Rajsamand,Nathdwara
Dungarpur,Dungarpur
Dungarpur,Aspur
Dungarpur,Sagwara
Dungarpur,Simalwara
Banswara,Ghatol
Banswara,Garhi
Banswara,Banswara
Banswara,Bagidora
Banswara,Kushalgarh
Chittaurgarh,Rashmi
Chittaurgarh,Gangrar
Chittaurgarh,Begun
Chittaurgarh,Rawatbhata
Chittaurgarh,Chittaurgarh
Chittaurgarh,Kapasan
Chittaurgarh,Dungla
Chittaurgarh,Bhadesar
Chittaurgarh,Nimbahera
Chittaurgarh,Bari Sadri
Kota,Pipalda
Kota,Digod
Kota,Ladpura
Kota,Ramganj Mandi
Kota,Sangod
Baran,Mangrol
Baran,Antah
Baran,Baran
Baran,Atru
Baran,Kishanganj
Baran,Shahbad
Baran,Chhabra
Baran,Chhipabarod
Jhalawar,Khanpur
Jhalawar,Jhalrapatan
Jhalawar,Aklera
Jhalawar,Manohar Thana
Jhalawar,Pachpahar
Jhalawar,Pirawa
Jhalawar,Gangdhar
Udaipur,Mavli
Udaipur,Gogunda
Udaipur,Kotra
Udaipur,Jhadol
Udaipur,Girwa
Udaipur,Vallabhnagar
Udaipur,Lasadiya
Udaipur,Salumbar
Udaipur,Sarada
Udaipur,Rishabhdeo
Udaipur,Kherwara
Pratapgarh,Dhariawad
Pratapgarh,Peepalkhoont
Pratapgarh,Chhoti Sadri
Pratapgarh,Pratapgarh
Pratapgarh,Arnod
Pashchim Champaran,Sidhaw
Pashchim Champaran,Ramnagar
Pashchim Champaran,Gaunaha
Pashchim Champaran,Mainatanr
Pashchim Champaran,Narkatiaganj
Pashchim Champaran,Lauriya
Pashchim Champaran,Bagaha
Pashchim Champaran,Piprasi
Pashchim Champaran,Madhubani
Pashchim Champaran,Bhitaha
Pashchim Champaran,Thakrahan
Pashchim Champaran,Jogapatti
Pashchim Champaran,Chanpatia
Pashchim Champaran,Sikta
Pashchim Champaran,Majhaulia
Pashchim Champaran,Bettiah
Pashchim Champaran,Bairia
Pashchim Champaran,Nautan
Purba Champaran,Raxaul
Purba Champaran,Adapur
Purba Champaran,Ramgarhwa
Purba Champaran,Sugauli
Purba Champaran,Banjaria
Purba Champaran,Narkatia
Purba Champaran,Bankatwa
Purba Champaran,Ghorasahan
Purba Champaran,Dhaka
Purba Champaran,Chiraia
Purba Champaran,Motihari
Purba Champaran,Turkaulia
Purba Champaran,Harsidhi
Purba Champaran,Paharpur
Purba Champaran,Areraj
Purba Champaran,Sangrampur
Purba Champaran,Kesaria
Purba Champaran,Kalyanpur
Purba Champaran,Kotwa
Purba Champaran,Piprakothi
Purba Champaran,Chakia(Pipra)
Purba Champaran,Pakri Dayal
Purba Champaran,Patahi
Purba Champaran,Phenhara
Purba Champaran,Madhuban
Purba Champaran,Tetaria
Purba Champaran,Mehsi
Sheohar,Purnahiya
Sheohar,Piprarhi
Sheohar,Sheohar
Sheohar,Dumri Katsari
Sheohar,Tariani Chowk
Sitamarhi,Bairgania
Sitamarhi,Suppi
Sitamarhi,Majorganj
Sitamarhi,Sonbarsa
Sitamarhi,Parihar
Sitamarhi,Sursand
Sitamarhi,Bathnaha
Sitamarhi,Riga
Sitamarhi,Parsauni
Sitamarhi,Belsand
Sitamarhi,Runisaidpur
Sitamarhi,Dumra
Sitamarhi,Bajpatti
Sitamarhi,Charaut
Sitamarhi,Pupri
Sitamarhi,Nanpur
Sitamarhi,Bokhara
Madhubani,Madhwapur
Madhubani,Harlakhi
Madhubani,Basopatti
Madhubani,Jainagar
Madhubani,Ladania
Madhubani,Laukaha
Madhubani,Laukahi
Madhubani,Phulparas
Madhubani,Babubarhi
Madhubani,Khajauli
Madhubani,Kaluahi
Madhubani,Benipatti
Madhubani,Bisfi
Madhubani,Madhubani
Madhubani,Pandaul
Madhubani,Rajnagar
Madhubani,Andhratharhi
Madhubani,Jhanjharpur
Madhubani,Ghoghardiha
Madhubani,Lakhnaur
Madhubani,Madhepur
Supaul,Nirmali
Supaul,Basantpur
Supaul,Chhatapur
Supaul,Pratapganj
Supaul,Raghopur
Supaul,Saraigarh Bhaptiyahi
Supaul,Kishanpur
Supaul,Marauna
Supaul,Supaul
Supaul,Pipra
Supaul,Tribeniganj
Araria,Narpatganj
Araria,Forbesganj
Araria,Bhargama
Araria,Raniganj
Araria,Araria
Araria,Kursakatta
Araria,Sikti
Araria,Palasi
Araria,Jokihat
Kishanganj,Terhagachh
Kishanganj,Dighalbank
Kishanganj,Thakurganj
Kishanganj,Pothia
Kishanganj,Bahadurganj
Kishanganj,Kochadhamin
Kishanganj,Kishanganj
Purnia,Banmankhi
Purnia,Barhara
Purnia,Bhawanipur
Purnia,Rupauli
Purnia,Dhamdaha
Purnia,Krityanand Nagar
Purnia,Purnia East
Purnia,Kasba
Purnia,Srinagar
Purnia,Jalalgarh
Purnia,Amour
Purnia,Baisa
Purnia,Baisi
Purnia,Dagarua
Katihar,Falka
Katihar,Korha
Katihar,Hasanganj
Katihar,Kadwa
Katihar,Balrampur
Katihar,Barsoi
Katihar,Azamnagar
Katihar,Pranpur
Katihar,Dandkhora
Katihar,Katihar
Katihar,Mansahi
Katihar,Barari
Katihar,Sameli
Katihar,Kursela
Katihar,Manihari
Katihar,Amdabad
Madhepura,Gamharia
Madhepura,Singheshwar
Madhepura,Ghailarh
Madhepura,Madhepura
Madhepura,Shankarpur
Madhepura,Kumarkhand
Madhepura,Murliganj
Madhepura,Gwalpara
Madhepura,Bihariganj
Madhepura,Kishanganj
Madhepura,Puraini
Madhepura,Alamnagar
Madhepura,Chausa
Saharsa,Nauhatta
Saharsa,Satar Kataiya
Saharsa,Mahishi
Saharsa,Kahara
Saharsa,Saur Bazar
Saharsa,Patarghat
Saharsa,Sonbarsa
Saharsa,Simri Bakhtiarpur
Saharsa,Salkhua
Saharsa,Banma Itahri
Darbhanga,Jale
Darbhanga,Singhwara
Darbhanga,Keotiranway
Darbhanga,Darbhanga
Darbhanga,Manigachhi
Darbhanga,Tardih
Darbhanga,Alinagar
Darbhanga,Benipur
Darbhanga,Bahadurpur
Darbhanga,Hanumannagar
Darbhanga,Hayaghat
Darbhanga,Baheri
Darbhanga,Biraul
Darbhanga,Ghanshyampur
Darbhanga,Kiratpur
Darbhanga,Gora Bauram
Darbhanga,Kusheshwar Asthan
Darbhanga,Kusheshwar Asthan Purbi
Muzaffarpur,Sahebganj
Muzaffarpur,Baruraj (Motipur)
Muzaffarpur,Paroo
Muzaffarpur,Saraiya
Muzaffarpur,Marwan
Muzaffarpur,Kanti
Muzaffarpur,Minapur
Muzaffarpur,Bochaha
Muzaffarpur,Aurai
Muzaffarpur,Katra
Muzaffarpur,Gaighat
Muzaffarpur,Bandra
Muzaffarpur,Dholi (Moraul)
Muzaffarpur,Musahri
Muzaffarpur,Kurhani
Muzaffarpur,Sakra
Gopalganj,Katiya
Gopalganj,Bijaipur
Gopalganj,Bhorey
Gopalganj,Pach Deuri
Gopalganj,Kuchaikote
Gopalganj,Phulwaria
Gopalganj,Hathua
Gopalganj,Uchkagaon
Gopalganj,Thawe
Gopalganj,Gopalganj
Gopalganj,Manjha
Gopalganj,Barauli
Gopalganj,Sidhwalia
Gopalganj,Baikunthpur
Siwan,Nautan
Siwan,Siwan
Siwan,Barharia
Siwan,Goriakothi
Siwan,Lakri Nabiganj
Siwan,Basantpur
Siwan,Bhagwanpur Hat
Siwan,Maharajganj
Siwan,Pachrukhi
Siwan,Hussainganj
Siwan,Ziradei
Siwan,Mairwa
Siwan,Guthani
Siwan,Darauli
Siwan,Andar
Siwan,Raghunathpur
Siwan,Hasanpura
Siwan,Daraundha
Siwan,Siswan
Saran,Mashrakh
Saran,Panapur
Saran,Taraiya
Saran,Ishupur
Saran,Baniapur
Saran,Lahladpur
Saran,Ekma
Saran,Manjhi
Saran,Jalalpur
Saran,Revelganj
Saran,Chapra
Saran,Nagra
Saran,Marhaura
Saran,Amnour
Saran,Maker
Saran,Parsa
Saran,Dariapur
Saran,Garkha
Saran,Dighwara
Saran,Sonepur
Vaishali,Vaishali
Vaishali,Paterhi Belsar
Vaishali,Lalganj
Vaishali,Bhagwanpur
Vaishali,Goraul
Vaishali,Chehra Kalan
Vaishali,Patepur
Vaishali,Mahua
Vaishali,Jandaha
Vaishali,Raja Pakar
Vaishali,Hajipur
Vaishali,Raghopur
Vaishali,Bidupur
Vaishali,Desri
Vaishali,Sahdai Buzurg
Vaishali,Mahnar
Samastipur,Kalyanpur
Samastipur,Warisnagar
Samastipur,Shivaji Nagar
Samastipur,Khanpur
Samastipur,Samastipur
Samastipur,Pusa
Samastipur,Tajpur
Samastipur,Morwa
Samastipur,Patori
Samastipur,Mohanpur
Samastipur,Mohiuddinagar
Samastipur,Sarairanjan
Samastipur,Vidyapati Nagar
Samastipur,Dalsinghsarai
Samastipur,Ujiarpur
Samastipur,Bibhutpur
Samastipur,Rosera
Samastipur,Singhia
Samastipur,Hasanpur
Samastipur,Bithan
Begusarai,Khudabandpur
Begusarai,Chhorahi
Begusarai,Garhpura
Begusarai,Cheria Bariarpur
Begusarai,Bhagwanpur
Begusarai,Mansurchak
Begusarai,Bachhwara
Begusarai,Teghra
Begusarai,Barauni
Begusarai,Birpur
Begusarai,Begusarai
Begusarai,Naokothi
Begusarai,Bakhri
Begusarai,Dandari
Begusarai,Sahebpur Kamal
Begusarai,Balia
Begusarai,Matihani
Begusarai,Shamho Akha Kurha
Khagaria,Alauli
Khagaria,Khagaria
Khagaria,Mansi
Khagaria,Chautham
Khagaria,Beldaur
Khagaria,Gogri
Khagaria,Parbatta
Bhagalpur,Narayanpur
Bhagalpur,Bihpur
Bhagalpur,Kharik
Bhagalpur,Naugachhia
Bhagalpur,Rangra Chowk
Bhagalpur,Gopalpur
Bhagalpur,Pirpainti
Bhagalpur,Colgong
Bhagalpur,Ismailpur
Bhagalpur,Sabour
Bhagalpur,Nathnagar
Bhagalpur,Sultanganj
Bhagalpur,Shahkund
Bhagalpur,Goradih
Bhagalpur,Jagdishpur
Bhagalpur,Sonhaula
Banka,Shambhuganj
Banka,Amarpur
Banka,Rajaun
Banka,Dhuraiya
Banka,Barahat
Banka,Banka
Banka,Phulidumar
Banka,Belhar
Banka,Chanan
Banka,Katoria
Banka,Bausi
Munger,Munger
Munger,Bariarpur
Munger,Jamalpur
Munger,Dharhara
Munger,Kharagpur
Munger,Asarganj
Munger,Tarapur
Munger,Tetiha Bambor
Munger,Sangrampur
Lakhisarai,Barahiya
Lakhisarai,Pipariya
Lakhisarai,Surajgarha
Lakhisarai,Lakhisarai
Lakhisarai,Chanan*
Lakhisarai,Ramgarh Chowk
Lakhisarai,Halsi
Sheikhpura,Barbigha
Sheikhpura,Shekhopur Sarai
Sheikhpura,Sheikhpura
Sheikhpura,Ghat Kusumbha
Sheikhpura,Chewara
Sheikhpura,Ariari
Nalanda,Karai Parsurai
Nalanda,Nagar Nausa
Nalanda,Harnaut
Nalanda,Chandi
Nalanda,Rahui
Nalanda,Bind
Nalanda,Sarmera
Nalanda,Asthawan
Nalanda,Bihar
Nalanda,Noorsarai
Nalanda,Tharthari
Nalanda,Parbalpur
Nalanda,Hilsa
Nalanda,Ekangarsarai
Nalanda,Islampur
Nalanda,Ben
Nalanda,Rajgir
Nalanda,Silao
Nalanda,Giriak
Nalanda,Katrisarai
Patna,Maner
Patna,Dinapur-Cum-Khagaul
Patna,Patna Rural
Patna,Sampatchak
Patna,Phulwari
Patna,Bihta
Patna,Naubatpur
Patna,Bikram
Patna,Dulhin Bazar
Patna,Paliganj
Patna,Masaurhi
Patna,Dhanarua
Patna,Punpun
Patna,Fatwah
Patna,Daniawan
Patna,Khusrupur
Patna,Bakhtiarpur
Patna,Athmalgola
Patna,Belchhi
Patna,Barh
Patna,Pandarak
Patna,Ghoswari
Patna,Mokameh
Bhojpur,Shahpur
Bhojpur,Arrah
Bhojpur,Barhara
Bhojpur,Koilwar
Bhojpur,Sandesh
Bhojpur,Udwant Nagar
Bhojpur,Behea
Bhojpur,Jagdishpur
Bhojpur,Piro
Bhojpur,Charpokhari
Bhojpur,Garhani
Bhojpur,Agiaon
Bhojpur,Tarari
Bhojpur,Sahar
Buxar,Simri
Buxar,Chakki
Buxar,Barhampur
Buxar,Chaugain
Buxar,Kesath
Buxar,Dumraon
Buxar,Buxar
Buxar,Chausa
Buxar,Rajpur
Buxar,Itarhi
Buxar,Nawanagar
Kaimur (Bhabua),Ramgarh
Kaimur (Bhabua),Nuaon
Kaimur (Bhabua),Kudra
Kaimur (Bhabua),Mohania
Kaimur (Bhabua),Durgawati
Kaimur (Bhabua),Chand
Kaimur (Bhabua),Chainpur
Kaimur (Bhabua),Bhabua
Kaimur (Bhabua),Rampur
Kaimur (Bhabua),Bhagwanpur
Kaimur (Bhabua),Adhaura
Rohtas,Kochas
Rohtas,Dinara
Rohtas,Dawath
Rohtas,Suryapura
Rohtas,Bikramganj
Rohtas,Karakat
Rohtas,Nasriganj
Rohtas,Rajpur
Rohtas,Sanjhauli
Rohtas,Nokha
Rohtas,Kargahar
Rohtas,Chenari
Rohtas,Nauhatta
Rohtas,Sheosagar
Rohtas,Sasaram
Rohtas,Akorhi Gola
Rohtas,Dehri
Rohtas,Tilouthu
Rohtas,Rohtas
Aurangabad,Daudnagar
Aurangabad,Haspura
Aurangabad,Goh
Aurangabad,Rafiganj
Aurangabad,Obra
Aurangabad,Aurangabad
Aurangabad,Barun
Aurangabad,Nabinagar
Aurangabad,Kutumba
Aurangabad,Deo
Aurangabad,Madanpur
Gaya,Konch
Gaya,Tikari
Gaya,Belaganj
Gaya,Khizirsarai
Gaya,Neem Chak Bathani
Gaya,Muhra
Gaya,Atri
Gaya,Manpur
Gaya,Gaya Town C.D.Block
Gaya,Paraiya
Gaya,Guraru
Gaya,Gurua
Gaya,Amas
Gaya,Banke Bazar
Gaya,Imamganj
Gaya,Dumaria
Gaya,Sherghati
Gaya,Dobhi
Gaya,Bodh Gaya
Gaya,Tan Kuppa
Gaya,Wazirganj
Gaya,Fatehpur
Gaya,Mohanpur
Gaya,Barachatti
Nawada,Nardiganj
Nawada,Nawada
Nawada,Warisaliganj
Nawada,Kashi Chak
Nawada,Pakribarawan
Nawada,Kawakol
Nawada,Roh
Nawada,Gobindpur
Nawada,Akbarpur
Nawada,Hisua
Nawada,Narhat
Nawada,Meskaur
Nawada,Sirdala
Nawada,Rajauli
Jamui,Islamnagar Aliganj
Jamui,Sikandra
Jamui,Jamui
Jamui,Barhat
Jamui,Lakshmipur
Jamui,Jhajha
Jamui,Gidhaur
Jamui,Khaira
Jamui,Sono
Jamui,Chakai
Jehanabad,Ratni Faridpur
Jehanabad,Jehanabad
Jehanabad,Kako
Jehanabad,Modanganj
Jehanabad,Ghoshi
Jehanabad,Makhdumpur
Jehanabad,Hulasganj
Arwal,Arwal
Arwal,Kaler
Arwal,Karpi
Arwal,Sonbhadra Banshi Suryapur
Arwal,Kurtha
North  District,Chungthang
North  District,Mangan
West District,Gyalshing
West District,Soreng
South District,Namchi
South District,Ravong
East District,Gangtok
East District,Pakyong
East District,Rongli
Tawang,Zemithang
Tawang,Lumla
Tawang,Dudunghar
Tawang,Tawang
Tawang,Kitpi
Tawang,Jang
Tawang,Lhou
Tawang,Mukto
Tawang,Bongkhar
Tawang,Thingbu
West Kameng,Dirang
West Kameng,Thembang
West Kameng,Nafra
West Kameng,Bomdila
West Kameng,Kalaktang
West Kameng,Shergaon
West Kameng,Rupa
West Kameng,Singchung
West Kameng,Jamiri
West Kameng,Thrizino
West Kameng,Bhalukpong
West Kameng,Kamengbari-Doimara
West Kameng,Balemu
East Kameng,Seijosa
East Kameng,Dissing-Passo
East Kameng,Pakke-Kessang
East Kameng,Pizirang(Veo)
East Kameng,Richukrong
East Kameng,Seppa
East Kameng,Lada
East Kameng,Bameng
East Kameng,Pipu-Dipu
East Kameng,Gyawe Purang
East Kameng,Khenewa
East Kameng,Chayangtajo
East Kameng,Sawa
Papum Pare,Balijan
Papum Pare,Banderdawa
Papum Pare,Sangdupota (Besar Nello)
Papum Pare,Taraso
Papum Pare,Itanagar
Papum Pare,Naharlagun
Papum Pare,Doimukh
Papum Pare,Gumto
Papum Pare,Toru
Papum Pare,Sagalee
Papum Pare,Parang
Papum Pare,Leporiang
Papum Pare,Mengio
Papum Pare,Kimin
Papum Pare,Kakoi
Upper Subansiri,Taksing
Upper Subansiri,Limeking
Upper Subansiri,Nacho
Upper Subansiri,Siyum
Upper Subansiri,Taliha
Upper Subansiri,Payeng
Upper Subansiri,Giba
Upper Subansiri,Chetam (Peer Yapu)
Upper Subansiri,Daporijo
Upper Subansiri,Puchi Geko
Upper Subansiri,Dumporijo
Upper Subansiri,Gussar
Upper Subansiri,Gite-Ripa
Upper Subansiri,Baririjo
Upper Subansiri,Maro
West Siang,Mechuka
West Siang,Monigong
West Siang,Pidi
West Siang,Payum
West Siang,Tato
West Siang,Kaying
West Siang,Darak
West Siang,Kamba
West Siang,Rumgong
West Siang,Jomlo Mobuk
West Siang,Liromoba
West Siang,Yomcha
West Siang,Aalo
West Siang,Tirbin
West Siang,Basar
West Siang,Daring
West Siang,Gensi
West Siang,Sibe
West Siang,Likabali
West Siang,Kangku
West Siang,Bagra
East Siang,Boleng
East Siang,Riga
East Siang,Pangin
East Siang,Kebang
East Siang,Rebo-Perging
East Siang,Koyu
East Siang,Kora
East Siang,Nari
East Siang,New Seren
East Siang,Bilat
East Siang,Ruksin
East Siang,Sille-Oyan
East Siang,Pasighat
East Siang,Mebo
East Siang,Namsing
Upper Siang,Tuting
Upper Siang,Migging
Upper Siang,Palling
Upper Siang,Gelling
Upper Siang,Singa
Upper Siang,Yingkiong
Upper Siang,Jengging
Upper Siang,Geku
Upper Siang,Mariyang
Upper Siang,Mopom ( Adipasi )
Upper Siang,Katan
Changlang,Khimiyong
Changlang,Yatdam
Changlang,Changlang
Changlang,Namtok
Changlang,Manmao
Changlang,Renuk
Changlang,Lyngok-Longtoi
Changlang,Nampong
Changlang,Tikhak Rima Putok
Changlang,Jairampur
Changlang,Vijoynagar
Changlang,Miao
Changlang,Kharsang
Changlang,Diyun
Changlang,Bordumsa
Tirap,Namsang
Tirap,Soha
Tirap,Khonsa
Tirap,Dadam
Tirap,Kanubari
Tirap,Lawnu
Tirap,Longding
Tirap,Pumao
Tirap,Pangchao
Tirap,Wakka
Tirap,Laju
Lower Subansiri,Ziro (Sadar)
Lower Subansiri,Old Ziro
Lower Subansiri,Yachuli
Lower Subansiri,Yazali
Lower Subansiri,Pistana
Lower Subansiri,Kamporijo
Lower Subansiri,Dollungmukh
Lower Subansiri,Raga
Kurung Kumey,Palin
Kurung Kumey,Yangte
Kurung Kumey,Sangram
Kurung Kumey,Nyapin
Kurung Kumey,Phassang
Kurung Kumey,Koloriang
Kurung Kumey,Chambang
Kurung Kumey,Gangte
Kurung Kumey,Tarak-Lengdi
Kurung Kumey,Sarli
Kurung Kumey,Parsi-Parlo
Kurung Kumey,Damin
Kurung Kumey,Longding Koling (Pipsorang)
Kurung Kumey,Tali
Dibang Valley,Mipi
Dibang Valley,Anini
Dibang Valley,Etalin
Dibang Valley,Anelih
Dibang Valley,Kronli (Arzoo Circle)
Lower Dibang Valley,Hunli
Lower Dibang Valley,Desali
Lower Dibang Valley,Roing
Lower Dibang Valley,Dambuk
Lower Dibang Valley,Tinali ( Paglam )
Lower Dibang Valley,Koronu
Lohit,Sunpura
Lohit,Tezu
Lohit,Wakro
Lohit,Chongkham
Lohit,Namsai
Lohit,Lathao
Lohit,Piyong
Lohit,Lekang (Mahadevpur)
Anjaw,Hayuliang
Anjaw,Manchal
Anjaw,Goiliang
Anjaw,Chaglagam
Anjaw,Metengliang
Anjaw,Kibithoo
Anjaw,Walong
Anjaw,Hawai
Mon,Naginimora
Mon,Tizit
Mon,Hunta
Mon,Shangnyu
Mon,Mon Sadar
Mon,Wakching
Mon,Aboi
Mon,Longshen
Mon,Phomching
Mon,Chen
Mon,Angjangyang
Mon,Mopong
Mon,Tobu
Mon,Monyakshu
Mokokchung,Longchem
Mokokchung,Alongkima
Mokokchung,Tuli
Mokokchung,Changtongya
Mokokchung,Chuchuyimlang
Mokokchung,Kubolong
Mokokchung,Mangkolemba
Mokokchung,Merangmen
Mokokchung,Ongpangkong
Zunheboto,V.K.
Zunheboto,Akuluto
Zunheboto,Suruhuto
Zunheboto,Asuto
Zunheboto,Aghunato
Zunheboto,Zunheboto Sadar
Zunheboto,Atoizu
Zunheboto,Akuhaito
Zunheboto,Pughoboto
Zunheboto,Ghathashi
Zunheboto,Satakha
Zunheboto,Saptiqa
Zunheboto,Satoi
Wokha,Changpang
Wokha,Aitepyong
Wokha,Bhandari
Wokha,Baghty
Wokha,Sungro
Wokha,Sanis
Wokha,Lotsu
Wokha,Ralan
Wokha,Wozhuro
Wokha,Wokha Sadar
Wokha,Englan
Wokha,Chukitong
Dimapur,Niuland
Dimapur,Aquqhnaqua
Dimapur,Kuhoboto
Dimapur,Nihokhu
Dimapur,Dimapur Sadar
Dimapur,Chumukedima
Dimapur,Dhansiripar
Dimapur,Medziphema
Phek,Sekruzu
Phek,Phek Sadar
Phek,Khuza
Phek,Meluri
Phek,Phor
Phek,Phokhungri
Phek,Chozuba
Phek,Chetheba
Phek,Sakraba
Phek,Pfutsero
Phek,Zuketsa
Phek,Khezhakeno
Phek,Chizami
Phek,Razieba
Tuensang,Noksen
Tuensang,Chare
Tuensang,Longkhim
Tuensang,Tuensang Sadar
Tuensang,Ngoungchung
Tuensang,Sangsangnyu
Tuensang,Sotokur
Tuensang,Noklak
Tuensang,Chingmei
Tuensang,Nokhu
Tuensang,Panso
Tuensang,Shamator
Tuensang,Tsurungto
Tuensang,Chessore
Tuensang,Mangko
Tuensang,Thonoknyu
Longleng,Tamlu
Longleng,Namsang
Longleng,Yongnyah
Longleng,Longleng
Longleng,Sakshi
Kiphire,Seyochung
Kiphire,Amahator
Kiphire,Kiphire Sadar
Kiphire,Kiusam
Kiphire,Sitimi
Kiphire,Longmatra
Kiphire,Pungro
Kiphire,Khongsa
Kohima,Tseminyu
Kohima,Tsogin
Kohima,Chiephobozou
Kohima,Botsa
Kohima,Kezocha
Kohima,Jakhama
Kohima,Kohima Sadar
Kohima,Sechu-Zubza
Peren,Pedi (Ngwalwa)
Peren,Jalukie
Peren,Athibung
Peren,Kebai Khelma
Peren,Nsong
Peren,Tening
Peren,Peren
Mamit,Zawlnuam
Mamit,West Phaileng
Mamit,Reiek
Kolasib,'N' Thingdawl
Kolasib,Bilkhawthlir
Kolasib,Tlangnuam (Part)
Aizawl,Darlawn
Aizawl,Phullen
Aizawl,Aibawk
Aizawl,Tlangnuam (Part)
Aizawl,Thingsulthliah (Part)
Champhai,Ngopa
Champhai,Khawzawl
Champhai,Champhai
Champhai,Khawbung
Champhai,East Lungdar (Part)
Serchhip,Thingsulthliah (Part)
Serchhip,Serchhip
Serchhip,East Lungdar (Part)
Lunglei,West Bunghmun
Lunglei,Lungsen
Lunglei,Lunglei
Lunglei,Hnahthial
Lawngtlai,Chawngte
Lawngtlai,Lawngtlai
Lawngtlai,S' Bungtlang
Lawngtlai,Sangau
Saiha,Tuipang
Saiha,Saiha
West Tripura,Mohanpur
West Tripura,Hezamara
West Tripura,Padmabil
West Tripura,Khowai
West Tripura,Tulashikhar
West Tripura,Kalyanpur
West Tripura,Teliamura
West Tripura,Mungiakumi
West Tripura,Mandai
West Tripura,Jirania
West Tripura,Dukli
West Tripura,Jampuijala
West Tripura,Bishalgarh
West Tripura,Boxanagar
West Tripura,Melaghar
West Tripura,Kathalia
South Tripura,Killa
South Tripura,Amarpur
South Tripura,Ompi
South Tripura,Matarbari
South Tripura,Kakraban
South Tripura,Rajnagar
South Tripura,Hrishyamukh
South Tripura,Bokafa
South Tripura,Karbuk
South Tripura,Rupaichhari
South Tripura,Satchand
Dhalai,Salema
Dhalai,Manu
Dhalai,Ambassa
Dhalai,Chhamanu
Dhalai,Dumburnagar
North Tripura,Gournagar
North Tripura,Kadamtala
North Tripura,Panisagar
North Tripura,Damchhara
North Tripura,Pencharthal
North Tripura,Kumarghat
North Tripura,Dasda
North Tripura,Jampuii Hills
West Garo Hills,Selsella
West Garo Hills,Dadenggiri
West Garo Hills,Tikrikilla
West Garo Hills,Rongram
West Garo Hills,Betasing
West Garo Hills,Zikzak
West Garo Hills,Gambegre
West Garo Hills,Dalu
East Garo Hills,Resubelpara
East Garo Hills,Dambo Rongjeng
East Garo Hills,Kharkutta
East Garo Hills,Songsak
East Garo Hills,Samanda
South Garo Hills,Chokpot
South Garo Hills,Gasuapara
South Garo Hills,Baghmara
South Garo Hills,Rongara
West Khasi Hills,Mawshynrut
West Khasi Hills,Nongstoin
West Khasi Hills,Mawthadraishan
West Khasi Hills,Mairang
West Khasi Hills,Ranikor
West Khasi Hills,Mawkyrwat
Ribhoi,Umling
Ribhoi,Jirang
Ribhoi,Umsning
East Khasi Hills,Mawphlang
East Khasi Hills,Mylliem
East Khasi Hills,Mawryngkneng
East Khasi Hills,Mawkynrew
East Khasi Hills,Khatarshnong Laitkroh
East Khasi Hills,Mawsynram
East Khasi Hills,Shella Bholaganj
East Khasi Hills,Pynursla
Jaintia Hills,Thadlaskein
Jaintia Hills,Laskein
Jaintia Hills,Amlarem
Jaintia Hills,Khliehriat
Jaintia Hills,Saipung
Kokrajhar,Gossaigaon (Pt)
Kokrajhar,Bhowraguri
Kokrajhar,Dotoma
Kokrajhar,Kokrajhar (Pt)
Kokrajhar,Golokganj (Pt)
Kokrajhar,Dhubri (Pt)
Kokrajhar,Bagribari (Pt)
Kokrajhar,Bilasipara (Pt)
Kokrajhar,Chapar (Pt)
Dhubri,Gossaigaon (Pt)
Dhubri,Agamoni
Dhubri,Golokganj (Pt)
Dhubri,Dhubri (Pt)
Dhubri,Bagribari (Pt)
Dhubri,Bilasipara (Pt)
Dhubri,Chapar (Pt)
Dhubri,South Salmara
Dhubri,Mankachar
Goalpara,Lakhipur
Goalpara,Balijana
Goalpara,Matia
Goalpara,Dudhnai
Goalpara,Rangjuli
Barpeta,Barnagar (Pt)
Barpeta,Kalgachia
Barpeta,Baghbor
Barpeta,Chenga
Barpeta,Barpeta
Barpeta,Sarthebari
Barpeta,Bajali (Pt)
Barpeta,Sarupeta (Pt)
Barpeta,Jalah (Pt)
Morigaon,Mayong
Morigaon,Bhuragaon
Morigaon,Laharighat
Morigaon,Marigaon
Morigaon,Mikirbheta
Nagaon,Kaliabor
Nagaon,Samaguri
Nagaon,Rupahi
Nagaon,Dhing
Nagaon,Nagaon
Nagaon,Raha
Nagaon,Kampur
Nagaon,Hojai
Nagaon,Doboka
Nagaon,Lanka
Sonitpur,Dhekiajuli (Pt)
Sonitpur,Chariduar
Sonitpur,Tezpur
Sonitpur,Na-Duar
Sonitpur,Biswanath
Sonitpur,Helem
Sonitpur,Gohpur
Lakhimpur,Narayanpur
Lakhimpur,Bihpuria
Lakhimpur,Naobaicha
Lakhimpur,Kadam
Lakhimpur,North Lakhimpur
Lakhimpur,Dhakuakhana (Pt)
Lakhimpur,Subansiri (Pt)
Dhemaji,Dhemaji
Dhemaji,Sissibargaon
Dhemaji,Jonai
Dhemaji,Dhakuakhana (Pt)
Dhemaji,Subansiri (Pt)
Dhemaji,Gogamukh
Tinsukia,Sadiya
Tinsukia,Doom Dooma
Tinsukia,Tinsukia
Tinsukia,Margherita
Dibrugarh,Dibrugarh West
Dibrugarh,Dibrugarh East
Dibrugarh,Chabua
Dibrugarh,Tengakhat
Dibrugarh,Moran
Dibrugarh,Tingkhong
Dibrugarh,Naharkatiya
Sivasagar,Dimow
Sivasagar,Sivasagar
Sivasagar,Amguri
Sivasagar,Nazira
Sivasagar,Sonari
Sivasagar,Mahmora
Jorhat,Majuli
Jorhat,Jorhat West
Jorhat,Jorhat East
Jorhat,Teok
Jorhat,Titabor
Jorhat,Mariani
Golaghat,Bokakhat
Golaghat,Khumtai
Golaghat,Dergaon
Golaghat,Golaghat
Golaghat,Morangi
Golaghat,Sarupathar
Karbi Anglong,Donka
Karbi Anglong,Diphu
Karbi Anglong,Phuloni
Karbi Anglong,Silonijan
Dima Hasao,Umrangso
Dima Hasao,Haflong
Dima Hasao,Mahur
Dima Hasao,Maibong
Cachar,Katigora
Cachar,Silchar
Cachar,Udarbond
Cachar,Sonai
Cachar,Lakhipur
Karimganj,Karimganj
Karimganj,Badarpur
Karimganj,Nilambazar
Karimganj,Patharkandi
Karimganj,Ramkrishna Nagar
Hailakandi,Algapur
Hailakandi,Hailakandi
Hailakandi,Lala
Hailakandi,Katlichara
Bongaigaon,Bongaigaon (Pt)
Bongaigaon,Boitamari
Bongaigaon,Srijangram
Bongaigaon,Bijni (Pt)
Bongaigaon,Sidli (Pt)
Chirang,Kokrajhar (Pt)
Chirang,Bengtol
Chirang,Sidli (Pt)
Chirang,Bongaigaon (Pt)
Chirang,Bijni (Pt)
Chirang,Barnagar (Pt)
Kamrup,Goreswar (Pt)
Kamrup,Rangia (Pt)
Kamrup,Koya
Kamrup,Kamalpur
Kamrup,Hajo
Kamrup,Chhaygaon
Kamrup,Goroimari
Kamrup,Chamaria
Kamrup,Nagarbera
Kamrup,Boko
Kamrup,Palasbari
Kamrup,North Guwahati (Pt)
Kamrup Metropolitan,Azara
Kamrup Metropolitan,North Guwahati (Pt)
Kamrup Metropolitan,Dispur
Kamrup Metropolitan,Sonapur
Kamrup Metropolitan,Chandrapur
Nalbari,Barama (Pt)
Nalbari,Tihu (Pt)
Nalbari,Pachim Nalbari
Nalbari,Barkhetri
Nalbari,Barbhag
Nalbari,Nalbari
Nalbari,Banekuchi
Nalbari,Ghograpar (Pt)
Nalbari,Baganpara (Pt)
Baksa,Barnagar (Pt)
Baksa,Bajali (Pt)
Baksa,Sarupeta (Pt)
Baksa,Jalah (Pt)
Baksa,Goreswar (Pt)
Baksa,Rangia (Pt)
Baksa,Barama (Pt)
Baksa,Tihu (Pt)
Baksa,Ghograpar (Pt)
Baksa,Baska
Baksa,Baganpara (Pt)
Baksa,Tamulpur
Baksa,Pathorighat (Pt)
Darrang,Khoirabari (Pt)
Darrang,Pathorighat (Pt)
Darrang,Sipajhar
Darrang,Mangaldoi (Pt)
Darrang,Kalaigaon (Pt)
Darrang,Dalgaon (Pt)
Udalguri,Khoirabari (Pt)
Udalguri,Pathorighat (Pt)
Udalguri,Mangaldoi (Pt)
Udalguri,Kalaigaon (Pt)
Udalguri,Dalgaon (Pt)
Udalguri,Harisinga
Udalguri,Udalguri
Udalguri,Mazbat
Udalguri,Dhekiajuli (Pt)
Darjiling,Darjeeling Pulbazar
Darjiling,Rangli Rangliot
Darjiling,Kalimpong -I
Darjiling,Kalimpong - Ii
Darjiling,Gorubathan
Darjiling,Jorebunglow Sukiapokhri
Darjiling,Mirik
Darjiling,Kurseong
Darjiling,Matigara
Darjiling,Naxalbari
Darjiling,Phansidewa
Darjiling,Kharibari
Jalpaiguri,Rajganj
Jalpaiguri,Mal
Jalpaiguri,Matiali
Jalpaiguri,Nagrakata
Jalpaiguri,Madarihat
Jalpaiguri,Kalchini
Jalpaiguri,Kumargram
Jalpaiguri,Alipurduar - I
Jalpaiguri,Alipurduar - Ii
Jalpaiguri,Falakata
Jalpaiguri,Dhupguri
Jalpaiguri,Maynaguri
Jalpaiguri,Jalpaiguri
Koch Bihar,Haldibari
Koch Bihar,Mekliganj
Koch Bihar,Mathabhanga - I
Koch Bihar,Mathabhanga - Ii
Koch Bihar,Cooch Behar - I
Koch Bihar,Cooch Behar - Ii
Koch Bihar,Tufanganj - I
Koch Bihar,Tufanganj - Ii
Koch Bihar,Dinhata - I
Koch Bihar,Dinhata - Ii
Koch Bihar,Sitai
Koch Bihar,Sitalkuchi
Uttar Dinajpur,Chopra
Uttar Dinajpur,Islampur
Uttar Dinajpur,Goalpokhar - I
Uttar Dinajpur,Goalpokhar - Ii
Uttar Dinajpur,Karandighi
Uttar Dinajpur,Raiganj
Uttar Dinajpur,Hemtabad
Uttar Dinajpur,Kaliaganj
Uttar Dinajpur,Itahar
Dakshin Dinajpur,Kushmundi
Dakshin Dinajpur,Gangarampur
Dakshin Dinajpur,Kumarganj
Dakshin Dinajpur,Hilli
Dakshin Dinajpur,Balurghat
Dakshin Dinajpur,Area Not Under Any Sub-District
Dakshin Dinajpur,Tapan
Dakshin Dinajpur,Bansihari
Dakshin Dinajpur,Harirampur
Maldah,Harischandrapur - I
Maldah,Harischandrapur - Ii
Maldah,Chanchal - I
Maldah,Chanchal - Ii
Maldah,Ratua - I
Maldah,Ratua - Ii
Maldah,Gazole
Maldah,Bamangola
Maldah,Habibpur
Maldah,Maldah (Old)
Maldah,English Bazar
Maldah,Manikchak
Maldah,Kaliachak - I
Maldah,Kaliachak - Ii
Maldah,Kaliachak - Iii
Murshidabad,Farakka
Murshidabad,Samserganj
Murshidabad,Suti - I
Murshidabad,Suti - Ii
Murshidabad,Raghunathganj - I
Murshidabad,Raghunathganj - Ii
Murshidabad,Lalgola
Murshidabad,Sagardighi
Murshidabad,Bhagawangola - I
Murshidabad,Bhagawangola - Ii
Murshidabad,Raninagar - Ii
Murshidabad,Jalangi
Murshidabad,Domkal
Murshidabad,Raninagar - I
Murshidabad,Murshidabad Jiaganj
Murshidabad,Nabagram
Murshidabad,Khargram
Murshidabad,Kandi
Murshidabad,Berhampore
Murshidabad,Hariharpara
Murshidabad,Nawda
Murshidabad,Beldanga - I
Murshidabad,Beldanga - Ii
Murshidabad,Bharatpur - Ii
Murshidabad,Bharatpur - I
Murshidabad,Burwan
Birbhum,Murarai - I
Birbhum,Murarai - Ii
Birbhum,Nalhati - I
Birbhum,Nalhati - Ii
Birbhum,Rampurhat - I
Birbhum,Rampurhat - Ii
Birbhum,Mayureswar - I
Birbhum,Mayureswar - Ii
Birbhum,Mohammad Bazar
Birbhum,Rajnagar
Birbhum,Suri - I
Birbhum,Suri - Ii
Birbhum,Sainthia
Birbhum,Labpur
Birbhum,Nanoor
Birbhum,Bolpur Sriniketan
Birbhum,Illambazar
Birbhum,Dubrajpur
Birbhum,Khoyrasol
Barddhaman,Salanpur
Barddhaman,Barabani
Barddhaman,Area Not Under Any Sub-District
Barddhaman,Jamuria
Barddhaman,Raniganj
Barddhaman,Ondal
Barddhaman,Pandabeswar
Barddhaman,Faridpur Durgapur
Barddhaman,Kanksa
Barddhaman,Ausgram - Ii
Barddhaman,Ausgram - I
Barddhaman,Mangolkote
Barddhaman,Ketugram - I
Barddhaman,Ketugram - Ii
Barddhaman,Katwa - I
Barddhaman,Katwa - Ii
Barddhaman,Purbasthali - I
Barddhaman,Purbasthali - Ii
Barddhaman,Manteswar
Barddhaman,Bhatar
Barddhaman,Galsi - I
Barddhaman,Galsi - Ii
Barddhaman,Burdwan - I
Barddhaman,Burdwan - Ii
Barddhaman,Memari - I
Barddhaman,Memari - Ii
Barddhaman,Kalna - I
Barddhaman,Kalna - Ii
Barddhaman,Jamalpur
Barddhaman,Raina - I
Barddhaman,Khandaghosh
Barddhaman,Raina - Ii
Nadia,Karimpur - I
Nadia,Karimpur - Ii
Nadia,Tehatta - I
Nadia,Tehatta - Ii
Nadia,Kaliganj
Nadia,Nakashipara
Nadia,Chapra
Nadia,Krishnagar - Ii
Nadia,Nabadwip
Nadia,Krishnagar - I
Nadia,Krishnaganj
Nadia,Hanskhali
Nadia,Santipur
Nadia,Ranaghat - I
Nadia,Area Not Under Any Sub-District
Nadia,Ranaghat - Ii
Nadia,Chakdah
Nadia,Haringhata
North Twenty Four Parganas,Bagda
North Twenty Four Parganas,Bongaon
North Twenty Four Parganas,Gaighata
North Twenty Four Parganas,Swarupnagar
North Twenty Four Parganas,Habra - I
North Twenty Four Parganas,Habra - Ii
North Twenty Four Parganas,Amdanga
North Twenty Four Parganas,Barrackpur - I
North Twenty Four Parganas,Area Not Under Any Sub-District
North Twenty Four Parganas,Barrackpur - Ii
North Twenty Four Parganas,Barasat - I
North Twenty Four Parganas,Barasat - Ii
North Twenty Four Parganas,Deganga
North Twenty Four Parganas,Baduria
North Twenty Four Parganas,Basirhat - I
North Twenty Four Parganas,Basirhat - Ii
North Twenty Four Parganas,Haroa
North Twenty Four Parganas,Rajarhat
North Twenty Four Parganas,Minakhan
North Twenty Four Parganas,Sandeshkhali - I
North Twenty Four Parganas,Sandeshkhali - Ii
North Twenty Four Parganas,Hasnabad
North Twenty Four Parganas,Hingalganj
Hugli,Goghat - I
Hugli,Goghat - Ii
Hugli,Arambag
Hugli,Pursura
Hugli,Tarakeswar
Hugli,Dhaniakhali
Hugli,Pandua
Hugli,Balagarh
Hugli,Chinsurah - Magra
Hugli,Area Not Under Any Sub-District
Hugli,Polba - Dadpur
Hugli,Haripal
Hugli,Singur
Hugli,Serampur Uttarpara
Hugli,Chanditala - I
Hugli,Chanditala - Ii
Hugli,Jangipara
Hugli,Khanakul - I
Hugli,Khanakul - Ii
Bankura,Saltora
Bankura,Mejhia
Bankura,Gangajalghati
Bankura,Chhatna
Bankura,Indpur
Bankura,Bankura - I
Bankura,Bankura - Ii
Bankura,Barjora
Bankura,Sonamukhi
Bankura,Patrasayer
Bankura,Indus
Bankura,Kotulpur
Bankura,Jaypur
Bankura,Vishnupur
Bankura,Onda
Bankura,Taldangra
Bankura,Simlapal
Bankura,Khatra
Bankura,Hirbandh
Bankura,Ranibundh
Bankura,Raipur
Bankura,Sarenga
Puruliya,Jaipur
Puruliya,Purulia - Ii
Puruliya,Para
Puruliya,Raghunathpur - Ii
Puruliya,Raghunathpur - I
Puruliya,Neturia
Puruliya,Santuri
Puruliya,Kashipur
Puruliya,Hura
Puruliya,Purulia - I
Puruliya,Puncha
Puruliya,Arsha
Puruliya,Jhalda - I
Puruliya,Jhalda - Ii
Puruliya,Bagmundi
Puruliya,Balarampur
Puruliya,Barabazar
Puruliya,Manbazar - I
Puruliya,Manbazar - Ii
Puruliya,Bundwan
Haora,Udaynarayanpur
Haora,Amta - Ii
Haora,Amta - I
Haora,Jagatballavpur
Haora,Domjur
Haora,Bally Jagachha
Haora,Sankrail
Haora,Area Not Under Any Sub-District
Haora,Panchla
Haora,Uluberia - Ii
Haora,Uluberia - I
Haora,Bagnan - I
Haora,Bagnan - Ii
Haora,Shyampur - I
Haora,Shyampur - Ii
South Twenty Four Parganas,Thakurpukur Mahestola
South Twenty Four Parganas,Budge Budge - I
South Twenty Four Parganas,Budge Budge - Ii
South Twenty Four Parganas,Bishnupur - I
South Twenty Four Parganas,Bishnupur - Ii
South Twenty Four Parganas,Sonarpur
South Twenty Four Parganas,Bhangar - I
South Twenty Four Parganas,Bhangar - Ii
South Twenty Four Parganas,Canning - I
South Twenty Four Parganas,Canning - Ii
South Twenty Four Parganas,Baruipur
South Twenty Four Parganas,Magrahat - Ii
South Twenty Four Parganas,Magrahat - I
South Twenty Four Parganas,Falta
South Twenty Four Parganas,Diamond Harbour - I
South Twenty Four Parganas,Diamond Harbour - Ii
South Twenty Four Parganas,Kulpi
South Twenty Four Parganas,Mandirbazar
South Twenty Four Parganas,Mathurapur - I
South Twenty Four Parganas,Jaynagar - I
South Twenty Four Parganas,Jaynagar - Ii
South Twenty Four Parganas,Kultali
South Twenty Four Parganas,Basanti
South Twenty Four Parganas,Gosaba
South Twenty Four Parganas,Mathurapur - Ii
South Twenty Four Parganas,Kakdwip
South Twenty Four Parganas,Sagar
South Twenty Four Parganas,Namkhana
South Twenty Four Parganas,Patharpratima
Paschim Medinipur,Binpur - Ii
Paschim Medinipur,Binpur - I
Paschim Medinipur,Garbeta - Ii
Paschim Medinipur,Garbeta - I
Paschim Medinipur,Garbeta - Iii
Paschim Medinipur,Chandrakona - I
Paschim Medinipur,Chandrakona - Ii
Paschim Medinipur,Ghatal
Paschim Medinipur,Daspur - I
Paschim Medinipur,Daspur - Ii
Paschim Medinipur,Keshpur
Paschim Medinipur,Salbani
Paschim Medinipur,Midnapore
Paschim Medinipur,Jhargram
Paschim Medinipur,Jamboni
Paschim Medinipur,Gopiballavpur - Ii
Paschim Medinipur,Gopiballavpur - I
Paschim Medinipur,Nayagram
Paschim Medinipur,Sankrail
Paschim Medinipur,Kharagpur - I
Paschim Medinipur,Kharagpur - Ii
Paschim Medinipur,Debra
Paschim Medinipur,Pingla
Paschim Medinipur,Sabang
Paschim Medinipur,Narayangarh
Paschim Medinipur,Keshiary
Paschim Medinipur,Dantan - I
Paschim Medinipur,Dantan - Ii
Paschim Medinipur,Mohanpur
Purba Medinipur,Panskura
Purba Medinipur,Kolaghat
Purba Medinipur,Tamluk
Purba Medinipur,Sahid Matangini
Purba Medinipur,Nanda Kumar
Purba Medinipur,Mahisadal
Purba Medinipur,Moyna
Purba Medinipur,Potashpur - I
Purba Medinipur,Potashpur - Ii
Purba Medinipur,Bhagawanpur - Ii
Purba Medinipur,Bhagawanpur - I
Purba Medinipur,Chandipur
Purba Medinipur,Sutahata
Purba Medinipur,Haldia
Purba Medinipur,Nandigram - I
Purba Medinipur,Nandigram - Ii
Purba Medinipur,Khejuri - I
Purba Medinipur,Khejuri - Ii
Purba Medinipur,Contai - I
Purba Medinipur,Deshopran
Purba Medinipur,Contai - Iii
Purba Medinipur,Egra - I
Purba Medinipur,Egra - Ii
Purba Medinipur,Ramnagar - I
Purba Medinipur,Ramnagar - Ii
Garhwa,Kharaundhi
Garhwa,Bhawnathpur
Garhwa,Ketar
Garhwa,Kandi
Garhwa,Majhiaon
Garhwa,Bardiha
Garhwa,Ramna
Garhwa,Bishunpura
Garhwa,Nagaruntari
Garhwa,Dhurki
Garhwa,Sagma
Garhwa,Dandai
Garhwa,Chinia
Garhwa,Meral (Pipra Kalan)
Garhwa,Garhwa
Garhwa,Danda
Garhwa,Ranka
Garhwa,Ramkanda
Garhwa,Bhandaria
Chatra,Shaligram Ram Narayanpur(Hunterganj)
Chatra,Pratappur
Chatra,Kunda
Chatra,Lawalaung
Chatra,Chatra
Chatra,Kanha Chatti
Chatra,Itkhori
Chatra,Mayur Hand
Chatra,Gidhaur
Chatra,Pathalgora
Chatra,Simaria
Chatra,Tandwa
Kodarma,Satgawan
Kodarma,Kodarma
Kodarma,Domchanch
Kodarma,Jainagar
Kodarma,Chandwara
Kodarma,Markacho
Giridih,Gawan
Giridih,Tisri
Giridih,Deori
Giridih,Dhanwar
Giridih,Jamua
Giridih,Bengabad
Giridih,Gande
Giridih,Giridih
Giridih,Birni
Giridih,Bagodar
Giridih,Sariya
Giridih,Dumri
Giridih,Pirtanr
Deoghar,Deoghar
Deoghar,Mohanpur
Deoghar,Sarwan
Deoghar,Sona Rai Tharhi
Deoghar,Devipur
Deoghar,Madhupur
Deoghar,Margo Munda
Deoghar,Karon
Deoghar,Sarath
Deoghar,Palojori
Godda,Meherma
Godda,Thakurgangti
Godda,Boarijor
Godda,Mahagama
Godda,Pathargama
Godda,Bashant Rai
Godda,Godda
Godda,Poreyahat
Godda,Sundarpahari
Sahibganj,Sahibganj
Sahibganj,Mandro
Sahibganj,Borio
Sahibganj,Barhait
Sahibganj,Taljhari
Sahibganj,Rajmahal
Sahibganj,Udhwa
Sahibganj,Pathna
Sahibganj,Barharwa
Pakur,Litipara
Pakur,Amrapara
Pakur,Hiranpur
Pakur,Pakaur
Pakur,Maheshpur
Pakur,Pakuria
Dhanbad,Tundi
Dhanbad,Purbi Tundi
Dhanbad,Topchanchi
Dhanbad,Baghmara-Cum-Katras
Dhanbad,Gobindpur
Dhanbad,Dhanbad-Cum-Kenduadih-Cum-Jagata
Dhanbad,Baliapur
Dhanbad,Nirsa-Cum-Chirkunda
Bokaro,Nawadih
Bokaro,Chandrapura
Bokaro,Bermo
Bokaro,Gumia
Bokaro,Peterwar
Bokaro,Kasmar
Bokaro,Jaridih
Bokaro,Chas
Bokaro,Chandankiyari
Lohardaga,Kisko
Lohardaga,Peshrar
Lohardaga,Kuru
Lohardaga,Kairo
Lohardaga,Lohardaga
Lohardaga,Senha
Lohardaga,Bhandra
Purbi Singhbhum,Patamda
Purbi Singhbhum,Boram
Purbi Singhbhum,Golmuri-Cum-Jugsalai
Purbi Singhbhum,Ghatshila
Purbi Singhbhum,Potka
Purbi Singhbhum,Musabani
Purbi Singhbhum,Dumaria
Purbi Singhbhum,Dhalbhumgarh
Purbi Singhbhum,Gurbandha
Purbi Singhbhum,Chakulia
Purbi Singhbhum,Baharagora
Palamu,Hussainabad
Palamu,Haidernagar
Palamu,Mohammad Ganj
Palamu,Hariharganj
Palamu,Pipra
Palamu,Chhatarpur
Palamu,Nawadiha Bazar/Nawadiha
Palamu,Pandu
Palamu,Untari Road
Palamu,Bishrampur
Palamu,Nawa Bazar
Palamu,Patan
Palamu,Padwa
Palamu,Manatu
Palamu,Tarhasi
Palamu,Panki
Palamu,Satbarwa
Palamu,Nilambar-Pitambarpur(Lesliganj)
Palamu,Medininagar(Daltonganj)
Palamu,Chainpur
Latehar,Manika
Latehar,Barwadih
Latehar,Mahuadanr
Latehar,Garu
Latehar,Latehar
Latehar,Balumath
Latehar,Bariyatu
Latehar,Herhanj
Latehar,Chandwa
Hazaribagh,Chauparan
Hazaribagh,Barhi
Hazaribagh,Padma
Hazaribagh,Ichak
Hazaribagh,Tati Jhariya
Hazaribagh,Daru
Hazaribagh,Barkatha
Hazaribagh,Chalkusa
Hazaribagh,Bishungarh
Hazaribagh,Hazaribag
Hazaribagh,Katkamsandi
Hazaribagh,Katamdag
Hazaribagh,Keredari
Hazaribagh,Barkagaon
Hazaribagh,Churchu
Hazaribagh,Dadi
Ramgarh,Patratu
Ramgarh,Mandu
Ramgarh,Ramgarh
Ramgarh,Dulmi
Ramgarh,Chitarpur
Ramgarh,Gola
Dumka,Saraiyahat
Dumka,Jarmundi
Dumka,Ramgarh
Dumka,Gopikandar
Dumka,Kathikund
Dumka,Shikaripara
Dumka,Ranishwar
Dumka,Dumka
Dumka,Jama
Dumka,Masalia
Jamtara,Narayanpur
Jamtara,Karma Tanr Vidyasagar
Jamtara,Jamtara
Jamtara,Nala
Jamtara,Fatehpur
Jamtara,Kundhit
Ranchi,Burmu
Ranchi,Khelari
Ranchi,Kanke
Ranchi,Ormanjhi
Ranchi,Angara
Ranchi,Rahe
Ranchi,Silli
Ranchi,Sonahatu
Ranchi,Namkum
Ranchi,Ratu
Ranchi,Nagri
Ranchi,Mandar
Ranchi,Chanho
Ranchi,Bero
Ranchi,Itki
Ranchi,Lapung
Ranchi,Bundu
Ranchi,Tamar I
Khunti,Karra
Khunti,Torpa
Khunti,Rania
Khunti,Murhu
Khunti,Khunti
Khunti,Erki (Tamar Ii)
Gumla,Bishunpur
Gumla,Ghaghra
Gumla,Sisai
Gumla,Verno
Gumla,Kamdara
Gumla,Basia
Gumla,Gumla
Gumla,Chainpur
Gumla,Dumri
Gumla,Albert Ekka(Jari)
Gumla,Raidih
Gumla,Palkot
Simdega,Simdega
Simdega,Pakar Tanr
Simdega,Kurdeg
Simdega,Kersai
Simdega,Bolba
Simdega,Thethaitangar
Simdega,Kolebira
Simdega,Jaldega
Simdega,Bansjor
Simdega,Bano
Pashchimi Singhbhum,Sonua
Pashchimi Singhbhum,Gudri
Pashchimi Singhbhum,Bandgaon
Pashchimi Singhbhum,Chakradharpur
Pashchimi Singhbhum,Khuntpani
Pashchimi Singhbhum,Goilkera
Pashchimi Singhbhum,Anandpur
Pashchimi Singhbhum,Manoharpur
Pashchimi Singhbhum,Noamundi
Pashchimi Singhbhum,Tonto
Pashchimi Singhbhum,Hat Gamharia
Pashchimi Singhbhum,Chaibasa
Pashchimi Singhbhum,Tantnagar
Pashchimi Singhbhum,Manjhari
Pashchimi Singhbhum,Jhinkpani
Pashchimi Singhbhum,Jagannathpur
Pashchimi Singhbhum,Kumardungi
Pashchimi Singhbhum,Majhgaon
Saraikela-Kharsawan,Kuchai
Saraikela-Kharsawan,Kharsawan
Saraikela-Kharsawan,Chandil
Saraikela-Kharsawan,Ichagarh
Saraikela-Kharsawan,Kukru
Saraikela-Kharsawan,Nimdih
Saraikela-Kharsawan,Adityapur(Gamharia)
Saraikela-Kharsawan,Saraikela
Saraikela-Kharsawan,Gobindpur(Rajnagar)
Bargarh,Paikamal
Bargarh,Jharbandha
Bargarh,Padmapur
Bargarh,Burden
Bargarh,Gaisilet
Bargarh,Melchhamunda
Bargarh,Sohela
Bargarh,Bijepur
Bargarh,Barapali
Bargarh,Bheden
Bargarh,Bargarh
Bargarh,Bargarh Sadar
Bargarh,Bhatli
Bargarh,Ambabhona
Bargarh,Attabira
Jharsuguda,Rengali
Jharsuguda,Lakhanpur
Jharsuguda,Belpahar
Jharsuguda,Banaharapali
Jharsuguda,Orient
Jharsuguda,Brajarajnagar
Jharsuguda,Jharsuguda
Jharsuguda,Badmal
Jharsuguda,Laikera
Jharsuguda,Kolabira
Sambalpur,Govindpur
Sambalpur,Mahulpalli
Sambalpur,Kochinda
Sambalpur,Katarbaga
Sambalpur,Thelkoloi
Sambalpur,Rengali
Sambalpur,Sasan
Sambalpur,Hirakud
Sambalpur,Burla
Sambalpur,Dhanupali
Sambalpur,Ainthapali
Sambalpur,Sadar
Sambalpur,Jamankira
Sambalpur,Kisinda
Sambalpur,Jujomura
Sambalpur,Dhama
Sambalpur,Charamal
Sambalpur,Rairakhol
Sambalpur,Naktideul
Sambalpur,Sambalpur (M)
Debagarh,Debagarh
Debagarh,Barkot
Debagarh,Kundheigola
Debagarh,Reamal
Sundargarh,Hemgir
Sundargarh,Lephripara
Sundargarh,Bhasma
Sundargarh,Dharuadihi
Sundargarh,Sundargarh Town
Sundargarh,Sundargarh
Sundargarh,Kinjirkela
Sundargarh,Talasara
Sundargarh,Baragaon
Sundargarh,Kutra
Sundargarh,Rajagangapur
Sundargarh,Raiboga
Sundargarh,Biramitrapur
Sundargarh,Hatibari
Sundargarh,Bisra
Sundargarh,Bondamunda
Sundargarh,Brahmani Tarang
Sundargarh,Raghunathapali
Sundargarh,Tangarapali
Sundargarh,Lathikata
Sundargarh,Chandiposh
Sundargarh,Kamarposh Balang
Sundargarh,Koida
Sundargarh,Lahunipara
Sundargarh,Gurundia
Sundargarh,Tikaetpali
Sundargarh,Banei
Sundargarh,Mahulapada
Sundargarh,Raurkela (M)
Sundargarh,Raurkela (Its)
Kendujhar,Barbil
Kendujhar,Bolani
Kendujhar,Rugudi
Kendujhar,Joda
Kendujhar,Bamebari
Kendujhar,Champua
Kendujhar,Jhumpura
Kendujhar,Baria
Kendujhar,Turumunga
Kendujhar,Patana
Kendujhar,Kendujhar Sadar
Kendujhar,Kendujhar Town
Kendujhar,Nayakote
Kendujhar,Kanjipani
Kendujhar,Telkoi
Kendujhar,Pandapara
Kendujhar,Ghatgaon
Kendujhar,Harichandanpur
Kendujhar,Daitari
Kendujhar,Ghasipura
Kendujhar,Anandapur
Kendujhar,Soso
Kendujhar,Nandipada
Kendujhar,Sainkul
Mayurbhanj,Tiring
Mayurbhanj,Bahalda
Mayurbhanj,Jamda
Mayurbhanj,Rairangpur Town
Mayurbhanj,Gorumahisani
Mayurbhanj,Jharpokharia
Mayurbhanj,Bisoi
Mayurbhanj,Rairangpur
Mayurbhanj,Badampahar
Mayurbhanj,Jashipur
Mayurbhanj,Raruan
Mayurbhanj,Ghagarbeda
Mayurbhanj,Karanjia
Mayurbhanj,Thakurmunda
Mayurbhanj,Baripada Sadar
Mayurbhanj,Baripada Town
Mayurbhanj,Koliana
Mayurbhanj,Bangiriposi
Mayurbhanj,Chandua
Mayurbhanj,Suliapada
Mayurbhanj,Muruda
Mayurbhanj,Rasagobindapur
Mayurbhanj,Baisinga
Mayurbhanj,Betanati
Mayurbhanj,Barsahi
Mayurbhanj,Khunta
Mayurbhanj,Udala
Mayurbhanj,Kaptipada
Mayurbhanj,Sharata
Mayurbhanj,Mahuldiha
Mayurbhanj,Baripada (M)
Baleshwar,Raibania
Baleshwar,Jaleswar
Baleshwar,Bhograi
Baleshwar,Kamarda
Baleshwar,Baliapal
Baleshwar,Singla
Baleshwar,Basta
Baleshwar,Rupsa
Baleshwar,Baleshwar Sadar
Baleshwar,Sahadevkhunta
Baleshwar,Chandipur
Baleshwar,Balaramgadi Marine
Baleshwar,Bampada
Baleshwar,Remuna
Baleshwar,Nilagiri
Baleshwar,Berhampur
Baleshwar,Oupada
Baleshwar,Khaira
Baleshwar,Soro
Baleshwar,Similia
Baleshwar,Baleshwar (M)
Bhadrak,Agarpada
Bhadrak,Bant
Bhadrak,Bhandari Pokhari
Bhadrak,Dhamanagar
Bhadrak,Bhadrak Rural
Bhadrak,Basudebpur
Bhadrak,Naikanidihi
Bhadrak,Tihidi
Bhadrak,Dhusuri
Bhadrak,Chandabali
Bhadrak,Bansada
Bhadrak,Dhamara Marine
Kendrapara,Rajkanika
Kendrapara,Rajnagar
Kendrapara,Jamboo Marine
Kendrapara,Aali
Kendrapara,Pattamundai
Kendrapara,Kendrapara Sadar
Kendrapara,Nikirai
Kendrapara,Derabish
Kendrapara,Patkura
Kendrapara,Marsaghai
Kendrapara,Mahakalapada
Jagatsinghapur,Paradip
Jagatsinghapur,Paradeep Lock
Jagatsinghapur,Kujang
Jagatsinghapur,Abhyachandpur
Jagatsinghapur,Ersama
Jagatsinghapur,Tirtol
Jagatsinghapur,Jagatsinghapur
Jagatsinghapur,Biridi
Jagatsinghapur,Naugaon
Jagatsinghapur,Balikuda
Cuttack,Narasinghpur
Cuttack,Kanpur
Cuttack,Badamba
Cuttack,Baidyeswar
Cuttack,Banki
Cuttack,Tigiria
Cuttack,Athagad
Cuttack,Barang
Cuttack,Gurudijhatia
Cuttack,Khuntuni
Cuttack,Choudwar
Cuttack,Tangi
Cuttack,Mahanga
Cuttack,Salepur
Cuttack,Nischintakoili
Cuttack,Nemalo
Cuttack,Kishannagar
Cuttack,Jagatpur
Cuttack,Cuttack Sadar
Cuttack,Kandarpur
Cuttack,C.R.R.I.
Cuttack,Gobindpur
Cuttack,Olatapur
Cuttack,Niali
Jajapur,Sukinda
Jajapur,Tomka
Jajapur,Kaliapani
Jajapur,Kalinganagar
Jajapur,Jakhapura
Jajapur,Jajapur Road
Jajapur,Korai
Jajapur,Panikoili
Jajapur,Jajapur
Jajapur,Jajpur Sadar
Jajapur,Dharmasala
Jajapur,Jenapur
Jajapur,Kuakhia
Jajapur,Badachana
Jajapur,Balichandrapur
Jajapur,Binjharpur
Jajapur,Bari - Ramachandrapur
Jajapur,Mangalpur
Dhenkanal,Parajang
Dhenkanal,Kamakshyanagar
Dhenkanal,Kankadahad
Dhenkanal,Bhuban
Dhenkanal,Gandia
Dhenkanal,Nihalprasad
Dhenkanal,Tumusingha
Dhenkanal,Motunga
Dhenkanal,Bhusan Steel Limited
Dhenkanal,Balimi
Dhenkanal,Hindol
Dhenkanal,Rasol
Dhenkanal,Dhenkanal Sadar
Anugul,Palalahada
Anugul,Khamar
Anugul,Rengali Damsite
Anugul,Kaniha
Anugul,N.T.P.C.
Anugul,Samal Barrage
Anugul,Talcher Sadar
Anugul,Colliery
Anugul,Bikrampur
Anugul,Nalco
Anugul,Banarpal
Anugul,Bhusan Steel Limited
Anugul,Anugul
Anugul,Jarapada
Anugul,Industrial
Anugul,Chhendipada
Anugul,Handapa
Anugul,Kishorenagar
Anugul,Athmallik
Anugul,Kiakata
Anugul,Thakurgarh
Anugul,Purunakot
Anugul,Bantala
Nayagarh,Gania
Nayagarh,Dasapalla
Nayagarh,Banigochha
Nayagarh,Nuagaon
Nayagarh,Khandapada
Nayagarh,Fategarh
Nayagarh,Nayagarh
Nayagarh,Itamati
Nayagarh,Nayagarh Sadar
Nayagarh,Odagaon
Nayagarh,Sarankul
Nayagarh,Ranapur
Khordha,Bolagad
Khordha,Begunia
Khordha,Khordha
Khordha,Khordha Sadar
Khordha,Chandaka
Khordha,Nandankanan
Khordha,Mancheswar
Khordha,Balianta
Khordha,Balipatna
Khordha,Lingaraj
Khordha,Airfield (Kapila Prasad)
Khordha,Uttara
Khordha,Khandagiri
Khordha,Tamando
Khordha,Jatani
Khordha,Jankia
Khordha,Nirakarpur
Khordha,Tangi
Khordha,Balugaon
Khordha,Banapur
Khordha,Bhubaneswar (M Corp.)
Puri,Delanga
Puri,Pipili
Puri,Nimapada
Puri,Kakatpur
Puri,Astaranga
Puri,Konark
Puri,Gop
Puri,Ramachandi
Puri,Satyabadi
Puri,Chandanpur
Puri,Sadar
Puri,Brahmagiri
Puri,Gadisagada
Puri,Krushna Prasad
Ganjam,Tarasingi
Ganjam,Buguda
Ganjam,Jagannath Prasad
Ganjam,Bhanjanagar
Ganjam,Gangapur
Ganjam,Surada
Ganjam,Badagada
Ganjam,Asika
Ganjam,Dharakote
Ganjam,Kabisuryanagar
Ganjam,Polasara
Ganjam,Kodala
Ganjam,Khalikote
Ganjam,Rambha
Ganjam,Chhatrapur
Ganjam,Ganjam
Ganjam,Chamakhandi
Ganjam,Arjyapalli Marine
Ganjam,Purusottampur
Ganjam,Hinjili
Ganjam,Patapur
Ganjam,Seragad
Ganjam,Brahmapur Sadar
Ganjam,Gopalpur
Ganjam,Golanthara
Ganjam,Digapahandi
Ganjam,Nuagaon
Ganjam,Jarada
Ganjam,Ramagiri
Gajapati,Adva
Gajapati,Mohana
Gajapati,R.Udaygiri
Gajapati,Serango
Gajapati,Kashinagara
Gajapati,Parlakhemundi
Gajapati,Gurandi
Gajapati,Rayagada
Gajapati,Garabandha
Gajapati,Ramagiri
Kandhamal,Gochhapada
Kandhamal,Phulabani
Kandhamal,Phulabani Town
Kandhamal,Khajuripada
Kandhamal,G.Udayagiri
Kandhamal,Tikabali
Kandhamal,Chakapada
Kandhamal,Sarangagarh
Kandhamal,Phiringia
Kandhamal,Baliguda
Kandhamal,Nuagaon
Kandhamal,Tumudibandha
Kandhamal,Belaghar
Kandhamal,Kotagarh
Kandhamal,Brahmanigaon
Kandhamal,Daringbadi
Kandhamal,Raikia
Baudh,Kantamal
Baudh,Manamunda
Baudh,Baunsuni
Baudh,Baudh Sadar
Baudh,Puruna Katak
Baudh,Harbhanga
Subarnapur,Dunguripali
Subarnapur,Rampur
Subarnapur,Binika
Subarnapur,Ulunda
Subarnapur,Biramaharajpur
Subarnapur,Subalaya
Subarnapur,Sonapur
Subarnapur,Tarbha
Balangir,Loisinga
Balangir,Balangir
Balangir,Tushura
Balangir,Patnagarh
Balangir,Khaprakhol
Balangir,Turekela
Balangir,Belpara
Balangir,Saintala
Balangir,Kantabanji
Balangir,Bangomunda
Balangir,Sindhekela
Balangir,Titlagarh
Nuapada,Jonk
Nuapada,Nuapada
Nuapada,Komna
Nuapada,Khariar
Nuapada,Boden
Nuapada,Sinapali
Kalahandi,Kesinga
Kalahandi,Madanpur Rampur
Kalahandi,Narala
Kalahandi,Lanjigarh
Kalahandi,Biswanathpur
Kalahandi,Sadar
Kalahandi,Kegaon
Kalahandi,Junagarh
Kalahandi,Golamunda
Kalahandi,Dharamgarh
Kalahandi,Kokasara
Kalahandi,Jayapatna
Kalahandi,Thuamul Rampur
Rayagada,Ambadala
Rayagada,Muniguda
Rayagada,Chandrapur
Rayagada,Bishamakatak
Rayagada,Kalyanasingpur
Rayagada,Kashipur
Rayagada,Andirakanch
Rayagada,Tikiri
Rayagada,Doraguda
Rayagada,Rayagada
Rayagada,Seskhal
Rayagada,Gunupur
Rayagada,Gudari
Rayagada,Padmapur
Rayagada,Puttasing
Nabarangapur,Raighar
Nabarangapur,Kundei
Nabarangapur,Umarkote
Nabarangapur,Chandahandi
Nabarangapur,Jharigan
Nabarangapur,Dabugan
Nabarangapur,Paparahandi
Nabarangapur,Kodinga
Nabarangapur,Kosagumuda
Nabarangapur,Nabarangapur
Nabarangapur,Tentulikhunti
Nabarangapur,Khatiguda
Koraput,Kotpad
Koraput,Boriguma
Koraput,Bhairabsingipur
Koraput,Dasamantapur
Koraput,Lakshmipur
Koraput,Narayanpatana
Koraput,Bandhugaon
Koraput,Kakiriguma
Koraput,Koraput
Koraput,Koraput Town
Koraput,Jeypore
Koraput,Kundura
Koraput,Boipariguda
Koraput,Machh Kund
Koraput,Padua
Koraput,Nandapur
Koraput,Similiguda
Koraput,Sunabeda
Koraput,Damonjodi
Koraput,Pottangi
Koraput,Kotiya
Malkangiri,Malkangiri
Malkangiri,Mathili
Malkangiri,Mudulipada
Malkangiri,Chitrakonda
Malkangiri,Paparmetla
Malkangiri,Jodamba
Malkangiri,Orkel
Malkangiri,Kalimela
Malkangiri,Podia
Malkangiri,M.V. 79
Malkangiri,Motu
Koriya,Bharatpur
Koriya,Baikunthpur
Koriya,Sonhat
Koriya,Manendragarh
Koriya,Khadganva
Surguja,Ramanujganj
Surguja,Balrampur
Surguja,Wadrafnagar
Surguja,Pratappur
Surguja,Samri(Kusmi)
Surguja,Shankargarh
Surguja,Surajpur
Surguja,Oudgi
Surguja,Bhaiyathan
Surguja,Ramanujnagar
Surguja,Premnagar
Surguja,Ambikapur
Surguja,Lakhanpur
Surguja,Udaypur
Surguja,Rajpur
Surguja,Lundra
Surguja,Sitapur
Surguja,Batouli
Surguja,Mainpat
Jashpur,Bagicha
Jashpur,Kansabel
Jashpur,Jashpur
Jashpur,Manora
Jashpur,Kunkuri
Jashpur,Duldula
Jashpur,Farsabahar
Jashpur,Pathalgaon
Raigarh,Udaipur (Dharamjaigarh)
Raigarh,Lailunga
Raigarh,Gharghoda
Raigarh,Tamnar
Raigarh,Raigarh
Raigarh,Pusour
Raigarh,Kharsia
Raigarh,Sarangarh
Raigarh,Baramkela
Korba,Katghora
Korba,Poundi-Uproda
Korba,Pali
Korba,Korba
Korba,Kartala
Janjgir - Champa,Janjgir
Janjgir - Champa,Akaltara
Janjgir - Champa,Baloda
Janjgir - Champa,Nawagarh
Janjgir - Champa,Champa
Janjgir - Champa,Sakti
Janjgir - Champa,Pamgarh
Janjgir - Champa,Dabhra
Janjgir - Champa,Malkharoda
Janjgir - Champa,Jaijaipur
Bilaspur,Pendra Road Gorella
Bilaspur,Marwahi
Bilaspur,Pendra
Bilaspur,Lormi
Bilaspur,Kota
Bilaspur,Mungeli
Bilaspur,Pathariya
Bilaspur,Takhatpur
Bilaspur,Bilaspur
Bilaspur,Masturi
Bilaspur,Bilha
Kabeerdham,Kawardha
Kabeerdham,Bodla
Kabeerdham,Sahaspur Lohara
Kabeerdham,Pandariya
Rajnandgaon,Chhuikhadan
Rajnandgaon,Khairagarh
Rajnandgaon,Dongargarh
Rajnandgaon,Rajnandgaon
Rajnandgaon,Chhuriya
Rajnandgaon,Dongargaon
Rajnandgaon,Mohla
Rajnandgaon,Manpur
Rajnandgaon,Ambagarh
Durg,Nawagarh
Durg,Bemetara
Durg,Saja
Durg,Thanakhamria
Durg,Berla
Durg,Dhamdha
Durg,Durg
Durg,Patan
Durg,Gunderdehi
Durg,Dondi Luhara
Durg,Balod
Durg,Dondi
Durg,Gurur
Raipur,Simga
Raipur,Bhatapara
Raipur,Baloda Bazar
Raipur,Palari
Raipur,Kasdol
Raipur,Bilaigarh
Raipur,Arang
Raipur,Abhanpur
Raipur,Raipur
Raipur,Rajim
Raipur,Tilda
Raipur,Bindranavagarh(Gariyaband)
Raipur,Chhura
Raipur,Mainpur
Raipur,Deobhog
Mahasamund,Basna
Mahasamund,Saraipali
Mahasamund,Mahasamund
Mahasamund,Pithora
Mahasamund,Bagbahra
Dhamtari,Kurud
Dhamtari,Magarlod
Dhamtari,Dhamtari
Dhamtari,Nagri
Uttar Bastar Kanker,Charama
Uttar Bastar Kanker,Bhanupratappur
Uttar Bastar Kanker,Durgkondal
Uttar Bastar Kanker,Kanker
Uttar Bastar Kanker,Narharpur
Uttar Bastar Kanker,Antagarh
Uttar Bastar Kanker,Pakhanjur
Bastar,Keskal
Bastar,Bade Rajpur
Bastar,Kondagaon
Bastar,Makdi
Bastar,Farasgaon
Bastar,Jagdalpur
Bastar,Lohandiguda
Bastar,Bastanar
Bastar,Bastar
Bastar,Bakavand
Bastar,Tokapal
Bastar,Darbha
Narayanpur,Narayanpur
Narayanpur,Orchha
Dakshin Bastar Dantewada,Dantewada
Dakshin Bastar Dantewada,Gidam
Dakshin Bastar Dantewada,Katekalyan
Dakshin Bastar Dantewada,Kuakonda
Dakshin Bastar Dantewada,Konta
Dakshin Bastar Dantewada,Chhindgarh
Dakshin Bastar Dantewada,Sukma
Bijapur,Bhopalpattnam
Bijapur,Usur
Bijapur,Bijapur
Bijapur,Bhairamgarh
Kachchh,Lakhpat
Kachchh,Rapar
Kachchh,Bhachau
Kachchh,Anjar
Kachchh,Bhuj
Kachchh,Nakhatrana
Kachchh,Abdasa
Kachchh,Mandvi
Kachchh,Mundra
Kachchh,Gandhidham
Banas Kantha,Vav
Banas Kantha,Tharad
Banas Kantha,Dhanera
Banas Kantha,Dantiwada
Banas Kantha,Amirgadh
Banas Kantha,Danta
Banas Kantha,Vadgam
Banas Kantha,Palanpur
Banas Kantha,Deesa
Banas Kantha,Deodar
Banas Kantha,Bhabhar
Banas Kantha,Kankrej
Patan,Santalpur
Patan,Radhanpur
Patan,Sidhpur
Patan,Patan
Patan,Harij
Patan,Sami
Patan,Chanasma
Mahesana,Satlasana
Mahesana,Kheralu
Mahesana,Unjha
Mahesana,Visnagar
Mahesana,Vadnagar
Mahesana,Vijapur
Mahesana,Mahesana
Mahesana,Becharaji
Mahesana,Kadi
Sabar Kantha,Khedbrahma
Sabar Kantha,Vijaynagar
Sabar Kantha,Vadali
Sabar Kantha,Idar
Sabar Kantha,Bhiloda
Sabar Kantha,Meghraj
Sabar Kantha,Himatnagar
Sabar Kantha,Prantij
Sabar Kantha,Talod
Sabar Kantha,Modasa
Sabar Kantha,Dhansura
Sabar Kantha,Malpur
Sabar Kantha,Bayad
Gandhinagar,Kalol
Gandhinagar,Mansa
Gandhinagar,Gandhinagar
Gandhinagar,Dehgam
Ahmadabad,Mandal
Ahmadabad,Detroj-Rampura
Ahmadabad,Viramgam
Ahmadabad,Sanand
Ahmadabad,Daskroi
Ahmadabad,Dholka
Ahmadabad,Bavla
Ahmadabad,Ranpur
Ahmadabad,Barwala
Ahmadabad,Dhandhuka
Surendranagar,Halvad
Surendranagar,Dhrangadhra
Surendranagar,Dasada
Surendranagar,Lakhtar
Surendranagar,Wadhwan
Surendranagar,Muli
Surendranagar,Chotila
Surendranagar,Sayla
Surendranagar,Chuda
Surendranagar,Limbdi
Rajkot,Maliya
Rajkot,Morvi
Rajkot,Tankara
Rajkot,Wankaner
Rajkot,Paddhari
Rajkot,Rajkot
Rajkot,Lodhika
Rajkot,Kotda Sangani
Rajkot,Jasdan
Rajkot,Gondal
Rajkot,Jamkandorna
Rajkot,Upleta
Rajkot,Dhoraji
Rajkot,Jetpur
Jamnagar,Okhamandal
Jamnagar,Khambhalia
Jamnagar,Jamnagar
Jamnagar,Jodiya
Jamnagar,Dhrol
Jamnagar,Kalavad
Jamnagar,Lalpur
Jamnagar,Kalyanpur
Jamnagar,Bhanvad
Jamnagar,Jamjodhpur
Porbandar,Porbandar
Porbandar,Ranavav
Porbandar,Kutiyana
Junagadh,Manavadar
Junagadh,Vanthali
Junagadh,Junagadh
Junagadh,Bhesan
Junagadh,Visavadar
Junagadh,Mendarda
Junagadh,Keshod
Junagadh,Mangrol
Junagadh,Malia
Junagadh,Talala
Junagadh,Patan-Veraval
Junagadh,Sutrapada
Junagadh,Kodinar
Junagadh,Una
Amreli,Kunkavav Vadia
Amreli,Babra
Amreli,Lathi
Amreli,Lilia
Amreli,Amreli
Amreli,Bagasara
Amreli,Dhari
Amreli,Savar Kundla
Amreli,Khambha
Amreli,Jafrabad
Amreli,Rajula
Bhavnagar,Botad
Bhavnagar,Vallabhipur
Bhavnagar,Gadhada
Bhavnagar,Umrala
Bhavnagar,Bhavnagar
Bhavnagar,Ghogha
Bhavnagar,Sihor
Bhavnagar,Gariadhar
Bhavnagar,Palitana
Bhavnagar,Talaja
Bhavnagar,Mahuva
Anand,Tarapur
Anand,Sojitra
Anand,Umreth
Anand,Anand
Anand,Petlad
Anand,Khambhat
Anand,Borsad
Anand,Anklav
Kheda,Kapadvanj
Kheda,Virpur
Kheda,Balasinor
Kheda,Kathlal
Kheda,Mehmedabad
Kheda,Kheda
Kheda,Matar
Kheda,Nadiad
Kheda,Mahudha
Kheda,Thasra
Panch Mahals,Khanpur
Panch Mahals,Kadana
Panch Mahals,Santrampur
Panch Mahals,Lunawada
Panch Mahals,Shehera
Panch Mahals,Morwa (Hadaf)
Panch Mahals,Godhra
Panch Mahals,Kalol
Panch Mahals,Ghoghamba
Panch Mahals,Halol
Panch Mahals,Jambughoda
Dohad,Fatepura
Dohad,Jhalod
Dohad,Limkheda
Dohad,Dohad
Dohad,Garbada
Dohad,Devgadbaria
Dohad,Dhanpur
Vadodara,Savli
Vadodara,Vadodara
Vadodara,Vaghodia
Vadodara,Jetpur Pavi
Vadodara,Chhota Udaipur
Vadodara,Kavant
Vadodara,Nasvadi
Vadodara,Sankheda
Vadodara,Dabhoi
Vadodara,Padra
Vadodara,Karjan
Vadodara,Sinor
Narmada,Tilakwada
Narmada,Nandod
Narmada,Dediapada
Narmada,Sagbara
Bharuch,Jambusar
Bharuch,Amod
Bharuch,Vagra
Bharuch,Bharuch
Bharuch,Jhagadia
Bharuch,Anklesvar
Bharuch,Hansot
Bharuch,Valia
The Dangs,The Dangs
Navsari,Navsari
Navsari,Jalalpore
Navsari,Gandevi
Navsari,Chikhli
Navsari,Bansda
Valsad,Valsad
Valsad,Dharampur
Valsad,Pardi
Valsad,Kaprada
Valsad,Umbergaon
Surat,Olpad
Surat,Mangrol
Surat,Umarpada
Surat,Mandvi
Surat,Kamrej
Surat,Chorasi
Surat,Palsana
Surat,Bardoli
Surat,Mahuva
Tapi,Nizar
Tapi,Uchchhal
Tapi,Songadh
Tapi,Vyara
Tapi,Valod
Diu,Diu
Daman,Daman
Dadra & Nagar Haveli,Dadra & Nagar Haveli
Nandurbar,Akkalkuwa
Nandurbar,Akrani
Nandurbar,Talode
Nandurbar,Shahade
Nandurbar,Nandurbar
Nandurbar,Nawapur
Dhule,Shirpur
Dhule,Sindkhede
Dhule,Sakri
Dhule,Dhule
Jalgaon,Chopda
Jalgaon,Yawal
Jalgaon,Raver
Jalgaon,Muktainagar
Jalgaon,Bodvad
Jalgaon,Bhusawal
Jalgaon,Jalgaon
Jalgaon,Erandol
Jalgaon,Dharangaon
Jalgaon,Amalner
Jalgaon,Parola
Jalgaon,Bhadgaon
Jalgaon,Chalisgaon
Jalgaon,Pachora
Jalgaon,Jamner
Buldana,Jalgaon (Jamod)
Buldana,Sangrampur
Buldana,Shegaon
Buldana,Nandura
Buldana,Malkapur
Buldana,Motala
Buldana,Khamgaon
Buldana,Mehkar
Buldana,Chikhli
Buldana,Buldana
Buldana,Deolgaon Raja
Buldana,Sindkhed Raja
Buldana,Lonar
Akola,Telhara
Akola,Akot
Akola,Balapur
Akola,Akola
Akola,Murtijapur
Akola,Patur
Akola,Barshitakli
Washim,Malegaon
Washim,Mangrulpir
Washim,Karanja
Washim,Manora
Washim,Washim
Washim,Risod
Amravati,Dharni
Amravati,Chikhaldara
Amravati,Anjangaon Surji
Amravati,Achalpur
Amravati,Chandurbazar
Amravati,Morshi
Amravati,Warud
Amravati,Teosa
Amravati,Amravati
Amravati,Bhatkuli
Amravati,Daryapur
Amravati,Nandgaon-Khandeshwar
Amravati,Chandur Railway
Amravati,Dhamangaon Railway
Wardha,Ashti
Wardha,Karanja
Wardha,Arvi
Wardha,Seloo
Wardha,Wardha
Wardha,Deoli
Wardha,Hinganghat
Wardha,Samudrapur
Nagpur,Narkhed
Nagpur,Katol
Nagpur,Kalameshwar
Nagpur,Savner
Nagpur,Parseoni
Nagpur,Ramtek
Nagpur,Mauda
Nagpur,Kamptee
Nagpur,Nagpur (Rural)
Nagpur,Hingna
Nagpur,Umred
Nagpur,Kuhi
Nagpur,Bhiwapur
Bhandara,Tumsar
Bhandara,Mohadi
Bhandara,Bhandara
Bhandara,Sakoli
Bhandara,Lakhani
Bhandara,Pauni
Bhandara,Lakhandur
Gondiya,Tirora
Gondiya,Goregaon
Gondiya,Gondiya
Gondiya,Amgaon
Gondiya,Salekasa
Gondiya,Sadak-Arjuni
Gondiya,Arjuni Morgaon
Gondiya,Deori
Gadchiroli,Desaiganj (Vadasa)
Gadchiroli,Armori
Gadchiroli,Kurkheda
Gadchiroli,Korchi
Gadchiroli,Dhanora
Gadchiroli,Gadchiroli
Gadchiroli,Chamorshi
Gadchiroli,Mulchera
Gadchiroli,Etapalli
Gadchiroli,Bhamragad
Gadchiroli,Aheri
Gadchiroli,Sironcha
Chandrapur,Warora
Chandrapur,Chimur
Chandrapur,Nagbhir
Chandrapur,Brahmapuri
Chandrapur,Sawali
Chandrapur,Sindewahi
Chandrapur,Bhadravati
Chandrapur,Chandrapur
Chandrapur,Mul
Chandrapur,Pombhurna
Chandrapur,Ballarpur
Chandrapur,Korpana
Chandrapur,Jiwati
Chandrapur,Rajura
Chandrapur,Gondpipri
Yavatmal,Ner
Yavatmal,Babulgaon
Yavatmal,Kalamb
Yavatmal,Yavatmal
Yavatmal,Darwha
Yavatmal,Digras
Yavatmal,Pusad
Yavatmal,Umarkhed
Yavatmal,Mahagaon
Yavatmal,Arni
Yavatmal,Ghatanji
Yavatmal,Kelapur
Yavatmal,Ralegaon
Yavatmal,Maregaon
Yavatmal,Zari-Jamani
Yavatmal,Wani
Nanded,Mahoor
Nanded,Kinwat
Nanded,Himayatnagar
Nanded,Hadgaon
Nanded,Ardhapur
Nanded,Nanded
Nanded,Mudkhed
Nanded,Bhokar
Nanded,Umri
Nanded,Dharmabad
Nanded,Biloli
Nanded,Naigaon (Khairgaon)
Nanded,Loha
Nanded,Kandhar
Nanded,Mukhed
Nanded,Deglur
Hingoli,Sengaon
Hingoli,Hingoli
Hingoli,Aundha (Nagnath)
Hingoli,Kalamnuri
Hingoli,Basmath
Parbhani,Sailu
Parbhani,Jintur
Parbhani,Parbhani
Parbhani,Manwath
Parbhani,Pathri
Parbhani,Sonpeth
Parbhani,Gangakhed
Parbhani,Palam
Parbhani,Purna
Jalna,Bhokardan
Jalna,Jafferabad
Jalna,Jalna
Jalna,Badnapur
Jalna,Ambad
Jalna,Ghansawangi
Jalna,Partur
Jalna,Mantha
Aurangabad,Kannad
Aurangabad,Soegaon
Aurangabad,Sillod
Aurangabad,Phulambri
Aurangabad,Khuldabad
Aurangabad,Vaijapur
Aurangabad,Gangapur
Aurangabad,Paithan
Nashik,Surgana
Nashik,Kalwan
Nashik,Deola
Nashik,Baglan
Nashik,Malegaon
Nashik,Nandgaon
Nashik,Chandvad
Nashik,Dindori
Nashik,Peint
Nashik,Trimbakeshwar
Nashik,Nashik
Nashik,Igatpuri
Nashik,Sinnar
Nashik,Niphad
Nashik,Yevla
Thane,Talasari
Thane,Dahanu
Thane,Vikramgad
Thane,Jawhar
Thane,Mokhada
Thane,Vada
Thane,Palghar
Thane,Vasai
Thane,Thane
Thane,Bhiwandi
Thane,Shahapur
Thane,Kalyan
Thane,Ambarnath
Thane,Murbad
Raigarh,Uran
Raigarh,Panvel
Raigarh,Karjat
Raigarh,Khalapur
Raigarh,Pen
Raigarh,Alibag
Raigarh,Murud
Raigarh,Roha
Raigarh,Sudhagad
Raigarh,Mangaon
Raigarh,Tala
Raigarh,Shrivardhan
Raigarh,Mhasla
Raigarh,Mahad
Raigarh,Poladpur
Pune,Junnar
Pune,Ambegaon
Pune,Shirur
Pune,Khed
Pune,Mawal
Pune,Mulshi
Pune,Haveli
Pune,Pune City
Pune,Daund
Pune,Purandhar
Pune,Velhe
Pune,Bhor
Pune,Baramati
Pune,Indapur
Ahmadnagar,Akola
Ahmadnagar,Sangamner
Ahmadnagar,Kopargaon
Ahmadnagar,Rahta
Ahmadnagar,Shrirampur
Ahmadnagar,Nevasa
Ahmadnagar,Shevgaon
Ahmadnagar,Pathardi
Ahmadnagar,Nagar
Ahmadnagar,Rahuri
Ahmadnagar,Parner
Ahmadnagar,Shrigonda
Ahmadnagar,Karjat
Ahmadnagar,Jamkhed
Bid,Ashti
Bid,Patoda
Bid,Shirur (Kasar)
Bid,Georai
Bid,Manjlegaon
Bid,Wadwani
Bid,Bid
Bid,Kaij
Bid,Dharur
Bid,Parli
Bid,Ambejogai
Latur,Latur
Latur,Renapur
Latur,Ahmadpur
Latur,Jalkot
Latur,Chakur
Latur,Shirur-Anantpal
Latur,Ausa
Latur,Nilanga
Latur,Deoni
Latur,Udgir
Osmanabad,Paranda
Osmanabad,Bhum
Osmanabad,Washi
Osmanabad,Kalamb
Osmanabad,Osmanabad
Osmanabad,Tuljapur
Osmanabad,Lohara
Osmanabad,Umarga
Solapur,Karmala
Solapur,Madha
Solapur,Barshi
Solapur,Solapur North
Solapur,Mohol
Solapur,Pandharpur
Solapur,Malshiras
Solapur,Sangole
Solapur,Mangalvedhe
Solapur,Solapur South
Solapur,Akkalkot
Satara,Mahabaleshwar
Satara,Wai
Satara,Khandala
Satara,Phaltan
Satara,Man
Satara,Khatav
Satara,Koregaon
Satara,Satara
Satara,Jaoli
Satara,Patan
Satara,Karad
Ratnagiri,Mandangad
Ratnagiri,Dapoli
Ratnagiri,Khed
Ratnagiri,Chiplun
Ratnagiri,Guhagar
Ratnagiri,Ratnagiri
Ratnagiri,Sangameshwar
Ratnagiri,Lanja
Ratnagiri,Rajapur
Sindhudurg,Devgad
Sindhudurg,Vaibhavvadi
Sindhudurg,Kankavli
Sindhudurg,Malwan
Sindhudurg,Vengurla
Sindhudurg,Kudal
Sindhudurg,Sawantwadi
Sindhudurg,Dodamarg
Kolhapur,Shahuwadi
Kolhapur,Panhala
Kolhapur,Hatkanangle
Kolhapur,Shirol
Kolhapur,Karvir
Kolhapur,Bavda
Kolhapur,Radhanagari
Kolhapur,Kagal
Kolhapur,Bhudargad
Kolhapur,Ajra
Kolhapur,Gadhinglaj
Kolhapur,Chandgad
Sangli,Shirala
Sangli,Walwa
Sangli,Palus
Sangli,Kadegaon
Sangli,Khanapur (Vita)
Sangli,Atpadi
Sangli,Tasgaon
Sangli,Miraj
Sangli,Kavathemahankal
Sangli,Jat
Adilabad,Tamsi
Adilabad,Adilabad
Adilabad,Jainad
Adilabad,Bela
Adilabad,Talamadugu
Adilabad,Gudihathnoor
Adilabad,Inderavelly
Adilabad,Narnoor
Adilabad,Kerameri
Adilabad,Wankdi
Adilabad,Sirpur (T)
Adilabad,Kouthala
Adilabad,Bejjur
Adilabad,Kagaznagar
Adilabad,Asifabad
Adilabad,Jainoor
Adilabad,Utnoor
Adilabad,Ichoda
Adilabad,Bazarhathnoor
Adilabad,Boath
Adilabad,Neradigonda
Adilabad,Sirpur
Adilabad,Rebbana
Adilabad,Bhimini
Adilabad,Dahegaon
Adilabad,Vemanpalle
Adilabad,Nennal
Adilabad,Tandur
Adilabad,Tiryani
Adilabad,Jannaram
Adilabad,Kaddam (Peddur)
Adilabad,Sarangapur
Adilabad,Kuntala
Adilabad,Kubeer
Adilabad,Bhainsa
Adilabad,Tanoor
Adilabad,Mudhole
Adilabad,Lokeswaram
Adilabad,Dilawarpur
Adilabad,Nirmal
Adilabad,Laxmanchanda
Adilabad,Mamda
Adilabad,Khanapur
Adilabad,Dandepalle
Adilabad,Kasipet
Adilabad,Bellampalle
Adilabad,Kotapalle
Adilabad,Mandamarri
Adilabad,Luxettipet
Adilabad,Mancherial
Adilabad,Jaipur
Adilabad,Chennur
Nizamabad,Ranjal
Nizamabad,Navipet
Nizamabad,Nandipet
Nizamabad,Armur
Nizamabad,Balkonda
Nizamabad,Mortad
Nizamabad,Kammarpalle
Nizamabad,Bheemgal
Nizamabad,Velpur
Nizamabad,Jakranpalle
Nizamabad,Makloor
Nizamabad,Nizamabad
Nizamabad,Yedpalle
Nizamabad,Bodhan
Nizamabad,Kotgiri
Nizamabad,Madnoor
Nizamabad,Jukkal
Nizamabad,Bichkunda
Nizamabad,Birkoor
Nizamabad,Varni
Nizamabad,Dichpalle
Nizamabad,Dharpalle
Nizamabad,Sirkonda
Nizamabad,Machareddy
Nizamabad,Sadasivanagar
Nizamabad,Gandhari
Nizamabad,Banswada
Nizamabad,Pitlam
Nizamabad,Nizamsagar
Nizamabad,Yellareddy
Nizamabad,Nagareddipet
Nizamabad,Lingampet
Nizamabad,Tadwai
Nizamabad,Kamareddy
Nizamabad,Bhiknoor
Nizamabad,Domakonda
Karimnagar,Ibrahimpatnam
Karimnagar,Mallapur
Karimnagar,Raikal
Karimnagar,Sarangapur
Karimnagar,Dharmapuri
Karimnagar,Velgatoor
Karimnagar,Ramagundam
Karimnagar,Kamanpur
Karimnagar,Manthani
Karimnagar,Kataram
Karimnagar,Mahadevpur
Karimnagar,Mutharam (Mahadevpur)
Karimnagar,Malharrao
Karimnagar,Mutharam (Manthani)
Karimnagar,Srirampur
Karimnagar,Peddapalle
Karimnagar,Julapalle
Karimnagar,Elgaid
Karimnagar,Dharmaram
Karimnagar,Gollapalle
Karimnagar,Mallial
Karimnagar,Jagtial
Karimnagar,Medipalle
Karimnagar,Koratla
Karimnagar,Metpalle
Karimnagar,Kathlapur
Karimnagar,Chandurthi
Karimnagar,Kodimial
Karimnagar,Pegadapalle
Karimnagar,Gangadhara
Karimnagar,Ramadugu
Karimnagar,Choppadandi
Karimnagar,Sultanabad
Karimnagar,Odela
Karimnagar,Manakondur
Karimnagar,Karimnagar
Karimnagar,Boinpalle
Karimnagar,Vemulawada
Karimnagar,Konaraopeta
Karimnagar,Yellareddipet
Karimnagar,Gambhiraopet
Karimnagar,Mustabad
Karimnagar,Sircilla
Karimnagar,Ellanthakunta
Karimnagar,Bejjanki
Karimnagar,Timmapur (Lmd Colony)
Karimnagar,Veenavanka
Karimnagar,Jammikunta
Karimnagar,Shankarapatnam
Karimnagar,Chigurumamidi
Karimnagar,Koheda
Karimnagar,Husnabad
Karimnagar,Saidapur
Karimnagar,Huzurabad
Karimnagar,Kamalapur
Karimnagar,Bheemadevarpalle
Karimnagar,Elkathurthi
Medak,Kangti
Medak,Manoor
Medak,Narayankhed
Medak,Kalher
Medak,Shankarampet (A)
Medak,Papannapet
Medak,Medak
Medak,Ramayampet
Medak,Dubbak
Medak,Siddipet
Medak,Chinnakodur
Medak,Nangnoor
Medak,Kondapak
Medak,Thoguta
Medak,Mirdoddi
Medak,Doultabad
Medak,Chegunta
Medak,Shankarampet (R)
Medak,Kulcharam
Medak,Tekmal
Medak,Alladurg
Medak,Regode
Medak,Raikode
Medak,Nyalkal
Medak,Zahirabad
Medak,Kohir
Medak,Jharasangam
Medak,Munpalle
Medak,Pulkal
Medak,Andole
Medak,Kowdipalle
Medak,Yeldurthy
Medak,Tupran
Medak,Gajwel
Medak,Jagdevpur
Medak,Wargal
Medak,Mulug
Medak,Shivampet
Medak,Narsapur
Medak,Hathnoora
Medak,Sadasivpet
Medak,Kondapur
Medak,Sangareddy
Medak,Jinnaram
Medak,Patancheru
Medak,Ramachandrapuram
Hyderabad,Musheerabad
Rangareddy,Marpalle
Rangareddy,Mominpet
Rangareddy,Nawabpet
Rangareddy,Shankarpalle
Rangareddy,Qutubullapur
Rangareddy,Medchal
Rangareddy,Shamirpet
Rangareddy,Keesara
Rangareddy,Ghatkesar
Rangareddy,Hayathnagar
Rangareddy,Saroornagar
Rangareddy,Rajendranagar
Rangareddy,Moinabad
Rangareddy,Chevella
Rangareddy,Vicarabad
Rangareddy,Dharur
Rangareddy,Bantwaram
Rangareddy,Peddemul
Rangareddy,Tandur
Rangareddy,Basheerabad
Rangareddy,Yelal
Rangareddy,Doma
Rangareddy,Gandeed
Rangareddy,Kulkacharla
Rangareddy,Pargi
Rangareddy,Pudur
Rangareddy,Shabad
Rangareddy,Shamshabad
Rangareddy,Maheswaram
Rangareddy,Kandukur
Rangareddy,Ibrahimpatnam
Rangareddy,Manchal
Rangareddy,Yacharam
Mahbubnagar,Kodangal
Mahbubnagar,Bomraspet
Mahbubnagar,Kosgi
Mahbubnagar,Doulathabad
Mahbubnagar,Damaragidda
Mahbubnagar,Maddur
Mahbubnagar,Hanwada
Mahbubnagar,Nawabpet
Mahbubnagar,Balanagar
Mahbubnagar,Kondurg
Mahbubnagar,Farooqnagar
Mahbubnagar,Kothur
Mahbubnagar,Keshampet
Mahbubnagar,Talakondapalle
Mahbubnagar,Amangal
Mahbubnagar,Madgul
Mahbubnagar,Veldanda
Mahbubnagar,Midjil
Mahbubnagar,Jadcherla
Mahbubnagar,Mahbubnagar
Mahbubnagar,Koilkonda
Mahbubnagar,Narayanpet
Mahbubnagar,Utkoor
Mahbubnagar,Dhanwada
Mahbubnagar,Devarkadra
Mahbubnagar,Bhoothpur
Mahbubnagar,Thimmajipet
Mahbubnagar,Kalwakurthy
Mahbubnagar,Vangoor
Mahbubnagar,Amrabad
Mahbubnagar,Achampet
Mahbubnagar,Uppununthala
Mahbubnagar,Telkapalle
Mahbubnagar,Tadoor
Mahbubnagar,Nagarkurnool
Mahbubnagar,Bijinapalle
Mahbubnagar,Ghanpur
Mahbubnagar,Addakal
Mahbubnagar,Chinnachintakunta
Mahbubnagar,Narva
Mahbubnagar,Makthal
Mahbubnagar,Maganoor
Mahbubnagar,Dharur
Mahbubnagar,Atmakur
Mahbubnagar,Kothakota
Mahbubnagar,Peddamandadi
Mahbubnagar,Wanaparthy
Mahbubnagar,Gopalpeta
Mahbubnagar,Balmoor
Mahbubnagar,Lingal
Mahbubnagar,Peddakothapalle
Mahbubnagar,Kodair
Mahbubnagar,Pangal
Mahbubnagar,Pebbair
Mahbubnagar,Gadwal
Mahbubnagar,Maldakal
Mahbubnagar,Ghattu
Mahbubnagar,Ieej
Mahbubnagar,Itikyal
Mahbubnagar,Veepangandla
Mahbubnagar,Kollapur
Mahbubnagar,Waddepalle
Mahbubnagar,Manopad
Mahbubnagar,Alampur
Nalgonda,Bommalaramaram
Nalgonda,M.Turkapalle
Nalgonda,Rajapet
Nalgonda,Yadagirigutta
Nalgonda,Alair
Nalgonda,Gundala
Nalgonda,Thirumalgiri
Nalgonda,Thungathurthi
Nalgonda,Nuthankal
Nalgonda,Atmakur (S)
Nalgonda,Jaji Reddi Gudem
Nalgonda,Sali Gouraram
Nalgonda,Mothkur
Nalgonda,Atmakur (M)
Nalgonda,Valigonda
Nalgonda,Bhongir
Nalgonda,Bibinagar
Nalgonda,Pochampalle
Nalgonda,Choutuppal
Nalgonda,Ramannapeta
Nalgonda,Chityala
Nalgonda,Narketpalle
Nalgonda,Kattangoor
Nalgonda,Nakrekal
Nalgonda,Kethe Palle
Nalgonda,Suryapet
Nalgonda,Chivvemla
Nalgonda,Mothey
Nalgonda,Nadigudem
Nalgonda,Munagala
Nalgonda,Penpahad
Nalgonda,Vemulapalle
Nalgonda,Thipparthi
Nalgonda,Nalgonda
Nalgonda,Munugode
Nalgonda,Narayanapur
Nalgonda,Marriguda
Nalgonda,Chintha Palle
Nalgonda,Gundla Palle
Nalgonda,Chandam Pet
Nalgonda,Devarakonda
Nalgonda,Nampalle
Nalgonda,Chandur
Nalgonda,Kangal
Nalgonda,Gurrampode
Nalgonda,Pedda Adiserla Palle
Nalgonda,Peddavoora
Nalgonda,Anumula
Nalgonda,Nidamanur
Nalgonda,Thripuraram
Nalgonda,Dameracherla
Nalgonda,Miryalaguda
Nalgonda,Neredcherla
Nalgonda,Garide Palle
Nalgonda,Chilkur
Nalgonda,Kodad
Nalgonda,Huzurnagar
Nalgonda,Mattam Palle
Nalgonda,Mella Cheruvu
Warangal,Cherial
Warangal,Maddur
Warangal,Bachannapet
Warangal,Narmetta
Warangal,Ghanpur (Station)
Warangal,Dharmasagar
Warangal,Hasanparthy
Warangal,Parkal
Warangal,Mogullapalle
Warangal,Chityal
Warangal,Bhupalpalle
Warangal,Ghanpur (Mulug)
Warangal,Venkatapur
Warangal,Eturnagaram
Warangal,Mangapet
Warangal,Tadvai
Warangal,Govindaraopet
Warangal,Mulug
Warangal,Regonda
Warangal,Shayampet
Warangal,Nallabelly
Warangal,Duggondi
Warangal,Atmakur
Warangal,Hanamkonda
Warangal,Zaffergadh
Warangal,Palakurthi
Warangal,Raghunathpalle
Warangal,Jangaon
Warangal,Lingalaghanpur
Warangal,Devaruppula
Warangal,Kodakandla
Warangal,Raiparthy
Warangal,Wardhannapet
Warangal,Sangam
Warangal,Geesugonda
Warangal,Narsampet
Warangal,Khanapur
Warangal,Kothagudem
Warangal,Gudur
Warangal,Chennaraopet
Warangal,Nekkonda
Warangal,Parvathagiri
Warangal,Thorrur
Warangal,Nellikudur
Warangal,Kesamudram
Warangal,Mahabubabad
Warangal,Narsimhulapet
Warangal,Maripeda
Warangal,Kuravi
Warangal,Dornakal
Khammam,Wazeed
Khammam,Venkatapuram
Khammam,Pinapaka
Khammam,Cherla
Khammam,Manuguru
Khammam,Aswapuram
Khammam,Dummugudem
Khammam,Bhadrachalam
Khammam,Kunavaram
Khammam,Chintur
Khammam,Vararamachandrapuram
Khammam,Velairpadu
Khammam,Kukunoor
Khammam,Burgampahad
Khammam,Palwancha
Khammam,Kothagudem
Khammam,Tekulapalle
Khammam,Yellandu
Khammam,Gundala
Khammam,Bayyaram
Khammam,Garla
Khammam,Singareni
Khammam,Kamepalle
Khammam,Julurpad
Khammam,Chandrugonda
Khammam,Mulkalapalle
Khammam,Aswaraopeta
Khammam,Dammapeta
Khammam,Sathupalle
Khammam,Penuballi
Khammam,Enkuru
Khammam,Thirumalayapalem
Khammam,Kusumanchi
Khammam,Khammam (Rural)
Khammam,Khammam (Urban)
Khammam,Mudigonda
Khammam,Nelakondapalle
Khammam,Chinthakani
Khammam,Konijerla
Khammam,Tallada
Khammam,Kallur
Khammam,Wyra
Khammam,Bonakal
Khammam,Madhira
Khammam,Yerrupalem
Khammam,Vemsoor
Srikakulam,Veeraghattam
Srikakulam,Seethampeta
Srikakulam,Bhamini
Srikakulam,Kothuru
Srikakulam,Pathapatnam
Srikakulam,Meliaputti
Srikakulam,Palasa
Srikakulam,Mandasa
Srikakulam,Kanchili
Srikakulam,Ichchapuram
Srikakulam,Kaviti
Srikakulam,Sompeta
Srikakulam,Vajrapukothuru
Srikakulam,Nandigam
Srikakulam,Hiramandalam
Srikakulam,Palakonda
Srikakulam,Vangara
Srikakulam,Regidi Amadalavalasa
Srikakulam,Lakshminarsupeta
Srikakulam,Saravakota
Srikakulam,Tekkali
Srikakulam,Santhabommali
Srikakulam,Kotabommali
Srikakulam,Jalumuru
Srikakulam,Sarubujjili
Srikakulam,Burja
Srikakulam,Santhakaviti
Srikakulam,Rajam
Srikakulam,Ganguvarisigadam
Srikakulam,Amadalavalasa
Srikakulam,Narasannapeta
Srikakulam,Polaki
Srikakulam,Gara
Srikakulam,Srikakulam
Srikakulam,Ponduru
Srikakulam,Laveru
Srikakulam,Ranastalam
Srikakulam,Etcherla
Vizianagaram,Komarada
Vizianagaram,Gummalakshmipuram
Vizianagaram,Kurupam
Vizianagaram,Jiyyammavalasa
Vizianagaram,Garugubilli
Vizianagaram,Parvathipuram
Vizianagaram,Makkuva
Vizianagaram,Seethanagaram
Vizianagaram,Balijipeta
Vizianagaram,Bobbili
Vizianagaram,Salur
Vizianagaram,Pachipenta
Vizianagaram,Ramabhadrapuram
Vizianagaram,Badangi
Vizianagaram,Therlam
Vizianagaram,Merakamudidam
Vizianagaram,Dattirajeru
Vizianagaram,Mentada
Vizianagaram,Gajapathinagaram
Vizianagaram,Garividi
Vizianagaram,Cheepurupalle
Vizianagaram,Gurla
Vizianagaram,Bondapalle
Vizianagaram,Gantyada
Vizianagaram,Srungavarapukota
Vizianagaram,Vepada
Vizianagaram,Lakkavarapukota
Vizianagaram,Kothavalasa
Vizianagaram,Jami
Vizianagaram,Vizianagaram
Vizianagaram,Nellimarla
Vizianagaram,Pusapatirega
Vizianagaram,Denkada
Vizianagaram,Bhogapuram
Visakhapatnam,Munchingi Puttu
Visakhapatnam,Peda Bayalu
Visakhapatnam,Dumbriguda
Visakhapatnam,Araku Valley
Visakhapatnam,Ananthagiri
Visakhapatnam,Hukumpeta
Visakhapatnam,Paderu
Visakhapatnam,G.Madugula
Visakhapatnam,Chintapalle
Visakhapatnam,Gudem Kotha Veedhi
Visakhapatnam,Koyyuru
Visakhapatnam,Nathavaram
Visakhapatnam,Golugonda
Visakhapatnam,Narsipatnam
Visakhapatnam,Rolugunta
Visakhapatnam,Ravikamatham
Visakhapatnam,Madugula
Visakhapatnam,Cheedikada
Visakhapatnam,Devarapalle
Visakhapatnam,K.Kotapadu
Visakhapatnam,Sabbavaram
Visakhapatnam,Pendurthi
Visakhapatnam,Anandapuram
Visakhapatnam,Padmanabham
Visakhapatnam,Bheemunipatnam
Visakhapatnam,Paravada
Visakhapatnam,Anakapalle
Visakhapatnam,Chodavaram
Visakhapatnam,Butchayyapeta
Visakhapatnam,Kotauratla
Visakhapatnam,Makavarapalem
Visakhapatnam,Kasimkota
Visakhapatnam,Munagapaka
Visakhapatnam,Atchutapuram
Visakhapatnam,Yelamanchili
Visakhapatnam,Nakkapalle
Visakhapatnam,Payakaraopeta
Visakhapatnam,S.Rayavaram
Visakhapatnam,Rambilli
East Godavari,Maredumilli
East Godavari,Devipatnam
East Godavari,Y. Ramavaram
East Godavari,Addateegala
East Godavari,Rajavommangi
East Godavari,Kotananduru
East Godavari,Tuni
East Godavari,Rowthulapudi
East Godavari,Sankhavaram
East Godavari,Yeleswaram
East Godavari,Gangavaram
East Godavari,Rampachodavaram
East Godavari,Seethanagaram
East Godavari,Gokavaram
East Godavari,Jaggampeta
East Godavari,Kirlampudi
East Godavari,Prathipadu
East Godavari,Thondangi
East Godavari,Gollaprolu
East Godavari,Peddapuram
East Godavari,Gandepalle
East Godavari,Korukonda
East Godavari,Rajahmundry Rural
East Godavari,Rajanagaram
East Godavari,Rangampeta
East Godavari,Samalkota
East Godavari,Pithapuram
East Godavari,Kothapalle
East Godavari,Kakinada (Rural)
East Godavari,Pedapudi
East Godavari,Biccavolu
East Godavari,Anaparthy
East Godavari,Kadiam
East Godavari,Atreyapuram
East Godavari,Mandapeta
East Godavari,Rayavaram
East Godavari,Karapa
East Godavari,Kajuluru
East Godavari,Ramachandrapuram
East Godavari,Alamuru
East Godavari,Ravulapalem
East Godavari,Kothapeta
East Godavari,Kapileswarapuram
East Godavari,Pamarru
East Godavari,Thallarevu
East Godavari,I. Polavaram
East Godavari,Mummidivaram
East Godavari,Ainavilli
East Godavari,P.Gannavaram
East Godavari,Ambajipeta
East Godavari,Mamidikuduru
East Godavari,Razole
East Godavari,Malikipuram
East Godavari,Sakhinetipalle
East Godavari,Allavaram
East Godavari,Amalapuram
East Godavari,Uppalaguptam
East Godavari,Katrenikona
West Godavari,Chintalapudi
West Godavari,Lingapalem
West Godavari,T.Narasapuram
West Godavari,Jeelugu Milli
West Godavari,Buttayagudem
West Godavari,Polavaram
West Godavari,Tallapudi
West Godavari,Gopalapuram
West Godavari,Koyyalagudem
West Godavari,Jangareddigudem
West Godavari,Kamavarapukota
West Godavari,Dwarakatirumala
West Godavari,Nallajerla
West Godavari,Devarapalle
West Godavari,Kovvur
West Godavari,Chagallu
West Godavari,Nidadavole
West Godavari,Tadepalligudem
West Godavari,Unguturu
West Godavari,Bhimadole
West Godavari,Pedavegi
West Godavari,Pedapadu
West Godavari,Eluru
West Godavari,Denduluru
West Godavari,Nidamarru
West Godavari,Pentapadu
West Godavari,Undrajavaram
West Godavari,Peravali
West Godavari,Tanuku
West Godavari,Attili
West Godavari,Ganapavaram
West Godavari,Akividu
West Godavari,Undi
West Godavari,Palacoderu
West Godavari,Penumantra
West Godavari,Iragavaram
West Godavari,Penugonda
West Godavari,Achanta
West Godavari,Poduru
West Godavari,Veeravasaram
West Godavari,Bhimavaram
West Godavari,Kalla
West Godavari,Mogalthur
West Godavari,Narasapuram
West Godavari,Palacole
West Godavari,Yelamanchili
Krishna,Vatsavai
Krishna,Jaggayyapeta
Krishna,Penuganchiprolu
Krishna,Nandigama
Krishna,Veerullapadu
Krishna,Mylavaram
Krishna,Gampalagudem
Krishna,Tiruvuru
Krishna,A.Konduru
Krishna,Reddigudem
Krishna,Vissannapet
Krishna,Chatrai
Krishna,Musunuru
Krishna,Nuzvid
Krishna,Bapulapadu
Krishna,Agiripalle
Krishna,G.Konduru
Krishna,Kanchikacherla
Krishna,Chandarlapadu
Krishna,Ibrahimpatnam
Krishna,Vijayawada (Rural)
Krishna,Gannavaram
Krishna,Unguturu
Krishna,Nandivada
Krishna,Mandavalli
Krishna,Kaikalur
Krishna,Kalidindi
Krishna,Kruthivennu
Krishna,Bantumilli
Krishna,Mudinepalle
Krishna,Gudivada
Krishna,Pedaparupudi
Krishna,Kankipadu
Krishna,Penamaluru
Krishna,Thotlavalluru
Krishna,Pamidimukkala
Krishna,Vuyyuru
Krishna,Pamarru
Krishna,Gudlavalleru
Krishna,Pedana
Krishna,Guduru
Krishna,Movva
Krishna,Ghantasala
Krishna,Machilipatnam
Krishna,Challapalle
Krishna,Mopidevi
Krishna,Avanigadda
Krishna,Nagayalanka
Krishna,Koduru
Guntur,Macherla
Guntur,Veldurthi
Guntur,Durgi
Guntur,Rentachintala
Guntur,Gurazala
Guntur,Dachepalle
Guntur,Karempudi
Guntur,Piduguralla
Guntur,Machavaram
Guntur,Bellamkonda
Guntur,Atchampet
Guntur,Krosuru
Guntur,Amaravathi
Guntur,Thullur
Guntur,Tadepalle
Guntur,Mangalagiri
Guntur,Tadikonda
Guntur,Pedakurapadu
Guntur,Sattenapalle
Guntur,Rajupalem
Guntur,Nekarikallu
Guntur,Bollapalle
Guntur,Vinukonda
Guntur,Nuzendla
Guntur,Savalyapuram H/O Kanamarlapudi
Guntur,Ipur
Guntur,Rompicherla
Guntur,Narasaraopet
Guntur,Muppalla
Guntur,Nadendla
Guntur,"Chilakaluripet
 H/O.Purushotha Patnam"
Guntur,Edlapadu
Guntur,Phirangipuram
Guntur,Medikonduru
Guntur,Guntur
Guntur,Pedakakani
Guntur,Duggirala
Guntur,Kollipara
Guntur,Tenali
Guntur,Chebrolu
Guntur,Vatticherukuru
Guntur,Prathipadu
Guntur,Pedanandipadu
Guntur,Kakumanu
Guntur,Ponnur
Guntur,Tsundur
Guntur,Amruthalur
Guntur,Vemuru
Guntur,Kollur
Guntur,Bhattiprolu
Guntur,Cherukupalle H/O Arumbaka
Guntur,Pittalavanipalem
Guntur,Karlapalem
Guntur,Bapatla
Guntur,Nizampatnam
Guntur,Nagaram
Guntur,Repalle
Prakasam,Yerragondapalem
Prakasam,Pullalacheruvu
Prakasam,Tripuranthakam
Prakasam,Dornala
Prakasam,Peda  Araveedu
Prakasam,Donakonda
Prakasam,Kurichedu
Prakasam,Santhamaguluru
Prakasam,Ballikurava
Prakasam,Martur
Prakasam,Yeddana Pudi
Prakasam,Parchur
Prakasam,Karamchedu
Prakasam,Inkollu
Prakasam,Janakavarampanguluru
Prakasam,Addanki
Prakasam,Mundlamuru
Prakasam,Darsi
Prakasam,Markapur
Prakasam,Ardhaveedu
Prakasam,Cumbum
Prakasam,Tarlupadu
Prakasam,Konakanamitla
Prakasam,Podili
Prakasam,Thallur
Prakasam,Korisapadu
Prakasam,Chirala
Prakasam,Vetapalem
Prakasam,Chinaganjam
Prakasam,Naguluppala Padu
Prakasam,Maddipadu
Prakasam,Chimakurthi
Prakasam,Marripudi
Prakasam,Hanumanthuni Padu
Prakasam,Bestawaripeta
Prakasam,Racherla
Prakasam,Giddalur
Prakasam,Komarolu
Prakasam,Veligandla
Prakasam,Kanigiri
Prakasam,Kondapi
Prakasam,Santhanuthala Padu
Prakasam,Ongole
Prakasam,Kotha Patnam
Prakasam,Tangutur
Prakasam,Zarugumilli
Prakasam,Ponnaluru
Prakasam,Pedacherlo Palle
Prakasam,Chandra Sekhara Puram
Prakasam,Pamur
Prakasam,Voletivaripalem
Prakasam,Kandukur
Prakasam,Singarayakonda
Prakasam,Lingasamudram
Prakasam,Gudluru
Prakasam,Ulavapadu
Sri Potti Sriramulu Nellore,Seetharamapuram
Sri Potti Sriramulu Nellore,Udayagiri
Sri Potti Sriramulu Nellore,Varikuntapadu
Sri Potti Sriramulu Nellore,Kondapuram
Sri Potti Sriramulu Nellore,Jaladanki
Sri Potti Sriramulu Nellore,Kavali
Sri Potti Sriramulu Nellore,Bogole
Sri Potti Sriramulu Nellore,Kaligiri
Sri Potti Sriramulu Nellore,Vinjamur
Sri Potti Sriramulu Nellore,Duttalur
Sri Potti Sriramulu Nellore,Marripadu
Sri Potti Sriramulu Nellore,Atmakur
Sri Potti Sriramulu Nellore,Anumasamudrampeta
Sri Potti Sriramulu Nellore,Dagadarthi
Sri Potti Sriramulu Nellore,Allur
Sri Potti Sriramulu Nellore,Vidavalur
Sri Potti Sriramulu Nellore,Kodavalur
Sri Potti Sriramulu Nellore,Buchireddipalem
Sri Potti Sriramulu Nellore,Sangam
Sri Potti Sriramulu Nellore,Chejerla
Sri Potti Sriramulu Nellore,Ananthasagaram
Sri Potti Sriramulu Nellore,Kaluvoya
Sri Potti Sriramulu Nellore,Rapur
Sri Potti Sriramulu Nellore,Podalakur
Sri Potti Sriramulu Nellore,Nellore
Sri Potti Sriramulu Nellore,Kovur
Sri Potti Sriramulu Nellore,Indukurpet
Sri Potti Sriramulu Nellore,Thotapalligudur
Sri Potti Sriramulu Nellore,Muthukur
Sri Potti Sriramulu Nellore,Venkatachalam
Sri Potti Sriramulu Nellore,Manubolu
Sri Potti Sriramulu Nellore,Gudur
Sri Potti Sriramulu Nellore,Sydapuram
Sri Potti Sriramulu Nellore,Dakkili
Sri Potti Sriramulu Nellore,Venkatagiri
Sri Potti Sriramulu Nellore,Balayapalle
Sri Potti Sriramulu Nellore,Ojili
Sri Potti Sriramulu Nellore,Chillakur
Sri Potti Sriramulu Nellore,Kota
Sri Potti Sriramulu Nellore,Vakadu
Sri Potti Sriramulu Nellore,Chittamur
Sri Potti Sriramulu Nellore,Naidupet
Sri Potti Sriramulu Nellore,Pellakur
Sri Potti Sriramulu Nellore,Doravarisatram
Sri Potti Sriramulu Nellore,Sullurpeta
Sri Potti Sriramulu Nellore,Tada
Y.S.R.,Kondapuram
Y.S.R.,Mylavaram
Y.S.R.,Peddamudium
Y.S.R.,Rajupalem
Y.S.R.,Duvvur
Y.S.R.,S.Mydukur
Y.S.R.,Brahmamgarimattam
Y.S.R.,Sri Avadhutha Kasinayana
Y.S.R.,Kalasapadu
Y.S.R.,Porumamilla
Y.S.R.,B.Kodur
Y.S.R.,Badvel
Y.S.R.,Gopavaram
Y.S.R.,Khajipet
Y.S.R.,Chapad
Y.S.R.,Proddatur
Y.S.R.,Jammalamadugu
Y.S.R.,Muddanur
Y.S.R.,Simhadripuram
Y.S.R.,Lingala
Y.S.R.,Pulivendla
Y.S.R.,Vemula
Y.S.R.,Thondur
Y.S.R.,Veerapunayunipalle
Y.S.R.,Yerraguntla
Y.S.R.,Kamalapuram
Y.S.R.,Vallur
Y.S.R.,Chennur
Y.S.R.,Atlur
Y.S.R.,Vontimitta
Y.S.R.,Sidhout
Y.S.R.,Chinthakommadinne
Y.S.R.,Pendlimarri
Y.S.R.,Vempalle
Y.S.R.,Chakrayapet
Y.S.R.,Galiveedu
Y.S.R.,Chinnamandem
Y.S.R.,Sambepalle
Y.S.R.,T Sundupalle
Y.S.R.,Rayachoti
Y.S.R.,Lakkireddipalle
Y.S.R.,Ramapuram
Y.S.R.,Veeraballe
Y.S.R.,Nandalur
Y.S.R.,Penagalur
Y.S.R.,Chitvel
Y.S.R.,Rajampet
Y.S.R.,Pullampeta
Y.S.R.,Obulavaripalle
Y.S.R.,Kodur
Kurnool,Mantralayam
Kurnool,Kosigi
Kurnool,Kowthalam
Kurnool,Pedda Kadubur
Kurnool,Yemmiganur
Kurnool,Nandavaram
Kurnool,C.Belagal
Kurnool,Gudur
Kurnool,Kallur
Kurnool,Kurnool
Kurnool,Nandikotkur
Kurnool,Pagidyala
Kurnool,Jupadu Bungalow
Kurnool,Kothapalle
Kurnool,Srisailam
Kurnool,Atmakur
Kurnool,Pamulapadu
Kurnool,Midthur
Kurnool,Orvakal
Kurnool,Kodumur
Kurnool,Gonegandla
Kurnool,Adoni
Kurnool,Holagunda
Kurnool,Halaharvi
Kurnool,Alur
Kurnool,Aspari
Kurnool,Devanakonda
Kurnool,Krishnagiri
Kurnool,Veldurthi
Kurnool,Bethamcherla
Kurnool,Panyam
Kurnool,Gadivemula
Kurnool,Velgode
Kurnool,Bandi Atmakur
Kurnool,Nandyal
Kurnool,Mahanandi
Kurnool,Sirvel
Kurnool,Gospadu
Kurnool,Banaganapalle
Kurnool,Dhone
Kurnool,Pattikonda
Kurnool,Chippagiri
Kurnool,Maddikera (East)
Kurnool,Tuggali
Kurnool,Peapally
Kurnool,Owk
Kurnool,Koilkuntla
Kurnool,Rudravaram
Kurnool,Allagadda
Kurnool,Dornipadu
Kurnool,Sanjamala
Kurnool,Kolimigundla
Kurnool,Uyyalawada
Kurnool,Chagalamarri
Anantapur,D.Hirehal
Anantapur,Rayadurg
Anantapur,Kanekal
Anantapur,Bommanahal
Anantapur,Vidapanakal
Anantapur,Guntakal
Anantapur,Gooty
Anantapur,Peddavadugur
Anantapur,Yadiki
Anantapur,Tadpatri
Anantapur,Peddapappur
Anantapur,Pamidi
Anantapur,Vajrakarur
Anantapur,Uravakonda
Anantapur,Beluguppa
Anantapur,Gummagatta
Anantapur,Brahmasamudram
Anantapur,Kalyandurg
Anantapur,Atmakur
Anantapur,Kudair
Anantapur,Garladinne
Anantapur,Singanamala
Anantapur,Putlur
Anantapur,Yellanur
Anantapur,Narpala
Anantapur,Bukkaraya Samudram
Anantapur,Anantapur
Anantapur,Raptadu
Anantapur,Settur
Anantapur,Kundurpi
Anantapur,Kambadur
Anantapur,Kanaganapalle
Anantapur,Dharmavaram
Anantapur,Bathalapalle
Anantapur,Tadimarri
Anantapur,Mudigubba
Anantapur,Talupula
Anantapur,Nambulipulikunta
Anantapur,Gandlapenta
Anantapur,Kadiri
Anantapur,Nallamada
Anantapur,Bukkapatnam
Anantapur,Kothacheruvu
Anantapur,Chennekothapalle
Anantapur,Ramagiri
Anantapur,Roddam
Anantapur,Madakasira
Anantapur,Amarapuram
Anantapur,Gudibanda
Anantapur,Rolla
Anantapur,Agali
Anantapur,Parigi
Anantapur,Penukonda
Anantapur,Puttaparthi
Anantapur,Obuladevaracheruvu
Anantapur,Nallacheruvu
Anantapur,Tanakal
Anantapur,Amadagur
Anantapur,Gorantla
Anantapur,Somandepalle
Anantapur,Hindupur
Anantapur,Lepakshi
Anantapur,Chilamathur
Chittoor,Mulakalacheruvu
Chittoor,Thamballapalle
Chittoor,Peddamandyam
Chittoor,Gurramkonda
Chittoor,Kalakada
Chittoor,Kambhamvaripalle
Chittoor,Rompicherla
Chittoor,Yerravaripalem
Chittoor,Tirupati (Rural)
Chittoor,Renigunta
Chittoor,Yerpedu
Chittoor,Srikalahasti
Chittoor,Thottambedu
Chittoor,Buchinaidu Kandriga
Chittoor,Varadaiahpalem
Chittoor,K.V.B.Puram
Chittoor,Tirupati (Urban)
Chittoor,Chandragiri
Chittoor,Chinnagottigallu
Chittoor,Pileru
Chittoor,Kalikiri
Chittoor,Valmikipuram
Chittoor,Kurabalakota
Chittoor,Pedda Thippasamudram
Chittoor,B.Kothakota
Chittoor,Madanapalle
Chittoor,Nimmanapalle
Chittoor,Sodam
Chittoor,Pulicherla
Chittoor,Pakala
Chittoor,Vedurukuppam
Chittoor,Ramachandrapuram
Chittoor,Vadamalapeta
Chittoor,Narayanavanam
Chittoor,Pichatur
Chittoor,Satyavedu
Chittoor,Nagalapuram
Chittoor,Nindra
Chittoor,Vijayapuram
Chittoor,Nagari
Chittoor,Puttur
Chittoor,Karvetinagar
Chittoor,Penumuru
Chittoor,Puthalapattu
Chittoor,Irala
Chittoor,Somala
Chittoor,Chowdepalle
Chittoor,Ramasamudram
Chittoor,Punganur
Chittoor,Peddapanjani
Chittoor,Gangavaram
Chittoor,Thavanampalle
Chittoor,Srirangarajapuram
Chittoor,Gangadhara Nellore
Chittoor,Chittoor
Chittoor,Palamaner
Chittoor,Baireddipalle
Chittoor,Venkatagirikota
Chittoor,Santhipuram
Chittoor,Gudupalle
Chittoor,Kuppam
Chittoor,Ramakuppam
Chittoor,Bangarupalem
Chittoor,Yadamarri
Chittoor,Gudipala
Chittoor,Palasamudram
Belgaum,Chikodi
Belgaum,Athni
Belgaum,Raybag
Belgaum,Gokak
Belgaum,Hukeri
Belgaum,Belgaum
Belgaum,Khanapur
Belgaum,Sampgaon
Belgaum,Parasgad
Belgaum,Ramdurg
Bagalkot,Jamkhandi
Bagalkot,Bilgi
Bagalkot,Mudhol
Bagalkot,Badami
Bagalkot,Bagalkot
Bagalkot,Hungund
Bijapur,Indi
Bijapur,Sindgi
Bijapur,Basavana Bagevadi
Bijapur,Muddebihal
Bidar,Basavakalyan
Bidar,Bhalki
Bidar,Aurad
Bidar,Bidar
Bidar,Homnabad
Raichur,Lingsugur
Raichur,Devadurga
Raichur,Raichur
Raichur,Manvi
Raichur,Sindhnur
Koppal,Yelbarga
Koppal,Kushtagi
Koppal,Gangawati
Koppal,Koppal
Gadag,Nargund
Gadag,Ron
Gadag,Gadag
Gadag,Shirhatti
Gadag,Mundargi
Dharwad,Dharwad
Dharwad,Navalgund
Dharwad,Hubli
Dharwad,Kalghatgi
Dharwad,Kundgol
Uttara Kannada,Karwar
Uttara Kannada,Supa
Uttara Kannada,Haliyal
Uttara Kannada,Yellapur
Uttara Kannada,Mundgod
Uttara Kannada,Sirsi
Uttara Kannada,Ankola
Uttara Kannada,Kumta
Uttara Kannada,Siddapur
Uttara Kannada,Honavar
Uttara Kannada,Bhatkal
Haveri,Shiggaon
Haveri,Savanur
Haveri,Hangal
Haveri,Haveri
Haveri,Byadgi
Haveri,Hirekerur
Haveri,Ranibennur
Bellary,Hadagalli
Bellary,Hagaribommanahalli
Bellary,Hospet
Bellary,Siruguppa
Bellary,Bellary
Bellary,Sandur
Bellary,Kudligi
Chitradurga,Molakalmuru
Chitradurga,Challakere
Chitradurga,Chitradurga
Chitradurga,Holalkere
Chitradurga,Hosdurga
Chitradurga,Hiriyur
Davanagere,Harihar
Davanagere,Harapanahalli
Davanagere,Jagalur
Davanagere,Davanagere
Davanagere,Honnali
Davanagere,Channagiri
Shimoga,Sagar
Shimoga,Sorab
Shimoga,Shikarpur
Shimoga,Hosanagara
Shimoga,Tirthahalli
Shimoga,Shimoga
Shimoga,Bhadravati
Udupi,Kundapura
Udupi,Udupi
Udupi,Karkal
Chikmagalur,Sringeri
Chikmagalur,Koppa
Chikmagalur,Narasimharajapura
Chikmagalur,Tarikere
Chikmagalur,Kadur
Chikmagalur,Chikmagalur
Chikmagalur,Mudigere
Tumkur,Chiknayakanhalli
Tumkur,Sira
Tumkur,Pavagada
Tumkur,Madhugiri
Tumkur,Koratagere
Tumkur,Tumkur
Tumkur,Gubbi
Tumkur,Tiptur
Tumkur,Turuvekere
Tumkur,Kunigal
Bangalore,Bangalore North
Bangalore,Bangalore South
Bangalore,Bangalore East
Bangalore,Anekal
Mandya,Krishnarajpet
Mandya,Nagamangala
Mandya,Pandavapura
Mandya,Shrirangapattana
Mandya,Mandya
Mandya,Maddur
Mandya,Malavalli
Hassan,Sakleshpur
Hassan,Belur
Hassan,Arsikere
Hassan,Hassan
Hassan,Alur
Hassan,Arkalgud
Hassan,Hole Narsipur
Hassan,Channarayapatna
Dakshina Kannada,Mangalore
Dakshina Kannada,Bantval
Dakshina Kannada,Beltangadi
Dakshina Kannada,Puttur
Dakshina Kannada,Sulya
Kodagu,Madikeri
Kodagu,Somvarpet
Kodagu,Virajpet
Mysore,Piriyapatna
Mysore,Hunsur
Mysore,Krishnarajanagara
Mysore,Mysore
Mysore,Heggadadevankote
Mysore,Nanjangud
Mysore,Tirumakudal - Narsipur
Chamarajanagar,Gundlupet
Chamarajanagar,Chamarajanagar
Chamarajanagar,Yelandur
Chamarajanagar,Kollegal
Gulbarga,Aland
Gulbarga,Afzalpur
Gulbarga,Gulbarga
Gulbarga,Chincholi
Gulbarga,Sedam
Gulbarga,Chitapur
Gulbarga,Jevargi
Yadgir,Shorapur
Yadgir,Shahpur
Yadgir,Yadgir
Kolar,Srinivaspur
Kolar,Kolar
Kolar,Malur
Kolar,Bangarapet
Kolar,Mulbagal
Chikkaballapura,Gauribidanur
Chikkaballapura,Chikkaballapura
Chikkaballapura,Gudibanda
Chikkaballapura,Bagepalli
Chikkaballapura,Sidlaghatta
Chikkaballapura,Chintamani
Bangalore Rural,Nelamangala
Bangalore Rural,Dod Ballapur
Bangalore Rural,Devanahalli
Bangalore Rural,Hosakote
Ramanagara,Magadi
Ramanagara,Ramanagara
Ramanagara,Channapatna
Ramanagara,Kanakapura
North Goa,Pernem
North Goa,Bardez
North Goa,Tiswadi
North Goa,Bicholim
North Goa,Satari
North Goa,Ponda
South Goa,Mormugao
South Goa,Salcete
South Goa,Quepem
South Goa,Sanguem
South Goa,Canacona
Lakshadweep,Amini
Lakshadweep,Bitra
Lakshadweep,Chetlat
Lakshadweep,Kiltan
Lakshadweep,Kadmat
Lakshadweep,Kavaratti
Lakshadweep,Agatti
Lakshadweep,Andrott
Lakshadweep,Kalpeni
Lakshadweep,Minicoy
Kasaragod,Kasaragod
Kasaragod,Hosdurg
Kannur,Taliparamba
Kannur,Kannur
Kannur,Thalassery
Wayanad,Mananthavady
Wayanad,Sulthanbathery
Wayanad,Vythiri
Kozhikode,Vadakara
Kozhikode,Quilandy
Kozhikode,Kozhikode
Malappuram,Ernad
Malappuram,Nilambur
Malappuram,Perinthalmanna
Malappuram,Tirur
Malappuram,Tirurangadi
Malappuram,Ponnani
Palakkad,Ottappalam
Palakkad,Mannarkad
Palakkad,Palakkad
Palakkad,Chittur
Palakkad,Alathur
Thrissur,Talappilly
Thrissur,Chavakkad
Thrissur,Thrissur
Thrissur,Kodungallur
Thrissur,Mukundapuram
Ernakulam,Kunnathunad
Ernakulam,Aluva
Ernakulam,Paravur
Ernakulam,Kochi
Ernakulam,Kanayannur
Ernakulam,Muvattupuzha
Ernakulam,Kothamangalam
Idukki,Devikulam
Idukki,Udumbanchola
Idukki,Thodupuzha
Idukki,Peerumade
Kottayam,Meenachil
Kottayam,Vaikom
Kottayam,Kottayam
Kottayam,Changanassery
Kottayam,Kanjirappally
Alappuzha,Cherthala
Alappuzha,Ambalappuzha
Alappuzha,Kuttanad
Alappuzha,Karthikappally
Alappuzha,Chengannur
Alappuzha,Mavelikkara
Pathanamthitta,Thiruvalla
Pathanamthitta,Mallappally
Pathanamthitta,Ranni
Pathanamthitta,Kozhenchery
Pathanamthitta,Adoor
Kollam,Karunagappally
Kollam,Kunnathur
Kollam,Pathanapuram
Kollam,Kottarakkara
Kollam,Kollam
Thiruvananthapuram,Chirayinkeezhu
Thiruvananthapuram,Nedumangad
Thiruvananthapuram,Thiruvananthapuram
Thiruvananthapuram,Neyyattinkara
Thiruvallur,Gummidipoondi
Thiruvallur,Ponneri
Thiruvallur,Uthukkottai
Thiruvallur,Tiruttani
Thiruvallur,Pallipattu
Thiruvallur,Thiruvallur
Thiruvallur,Poonamallee
Thiruvallur,Ambattur
Thiruvallur,Mathavaram
Kancheepuram,Sriperumbudur
Kancheepuram,Tambaram
Kancheepuram,Alandur
Kancheepuram,Sholinganallur
Kancheepuram,Chengalpattu
Kancheepuram,Kancheepuram
Kancheepuram,Uthiramerur
Kancheepuram,Tirukalukundram
Kancheepuram,Maduranthakam
Kancheepuram,Cheyyur
Vellore,Gudiyatham
Vellore,Katpadi
Vellore,Wallajah
Vellore,Arakonam
Vellore,Arcot
Vellore,Vellore
Vellore,Vaniyambadi
Vellore,Ambur
Vellore,Tirupathur
Tiruvannamalai,Arani
Tiruvannamalai,Cheyyar
Tiruvannamalai,Vandavasi
Tiruvannamalai,Polur
Tiruvannamalai,Chengam
Tiruvannamalai,Thandrampet
Tiruvannamalai,Tiruvannamalai
Viluppuram,Gingee
Viluppuram,Tindivanam
Viluppuram,Vanur
Viluppuram,Viluppuram
Viluppuram,Tirukkoyilur
Viluppuram,Sankarapuram
Viluppuram,Kallakkurichi
Viluppuram,Ulundurpettai
Salem,Mettur
Salem,Omalur
Salem,Edappadi
Salem,Sankari
Salem,Salem
Salem,Yercaud
Salem,Vazhapadi
Salem,Attur
Salem,Gangavalli
Namakkal,Tiruchengode
Namakkal,Rasipuram
Namakkal,Namakkal
Namakkal,Paramathi-Velur
Erode,Sathyamangalam
Erode,Bhavani
Erode,Gobichettipalayam
Erode,Perundurai
Erode,Erode
The Nilgiris,Panthalur
The Nilgiris,Gudalur
The Nilgiris,Udhagamandalam
The Nilgiris,Kotagiri
The Nilgiris,Coonoor
The Nilgiris,Kundah
Dindigul,Palani
Dindigul,Oddanchatram
Dindigul,Vedasandur
Dindigul,Natham
Dindigul,Dindigul
Dindigul,Attur
Dindigul,Kodaikanal
Dindigul,Nilakkottai
Karur,Aravakurichi
Karur,Karur
Karur,Krishnarayapuram
Karur,Kulithalai
Karur,Kadavur
Tiruchirappalli,Thottiyam
Tiruchirappalli,Musiri
Tiruchirappalli,Thuraiyur
Tiruchirappalli,Manachanallur
Tiruchirappalli,Lalgudi
Tiruchirappalli,Srirangam
Tiruchirappalli,Tiruchirappalli
Tiruchirappalli,Thiruverumbur
Tiruchirappalli,Manapparai
Perambalur,Veppanthattai
Perambalur,Perambalur
Perambalur,Kunnam
Ariyalur,Sendurai
Ariyalur,Udayarpalayam
Ariyalur,Ariyalur
Cuddalore,Panruti
Cuddalore,Cuddalore
Cuddalore,Kurinjipadi
Cuddalore,Chidambaram
Cuddalore,Kattumannarkoil
Cuddalore,Virudhachalam
Cuddalore,Tittakudi
Nagapattinam,Sirkali
Nagapattinam,Mayiladuthurai
Nagapattinam,Kuthalam
Nagapattinam,Tharangambadi
Nagapattinam,Nagapattinam
Nagapattinam,Kilvelur
Nagapattinam,Thirukkuvalai
Nagapattinam,Vedaranyam
Thiruvarur,Valangaiman
Thiruvarur,Kodavasal
Thiruvarur,Nannilam
Thiruvarur,Thiruvarur
Thiruvarur,Needamangalam
Thiruvarur,Mannargudi
Thiruvarur,Thiruthuraipoondi
Thanjavur,Thiruvidaimarudur
Thanjavur,Kumbakonam
Thanjavur,Papanasam
Thanjavur,Thiruvaiyaru
Thanjavur,Thanjavur
Thanjavur,Orathanadu
Thanjavur,Pattukkottai
Thanjavur,Peravurani
Pudukkottai,Iluppur
Pudukkottai,Kulathur
Pudukkottai,Gandarvakkottai
Pudukkottai,Pudukkottai
Pudukkottai,Thirumayam
Pudukkottai,Ponnamaravathi
Pudukkottai,Alangudi
Pudukkottai,Karambakudi
Pudukkottai,Aranthangi
Pudukkottai,Manamelkudi
Pudukkottai,Avudayarkoil
Sivaganga,Tirupathur
Sivaganga,Karaikkudi
Sivaganga,Devakottai
Sivaganga,Sivaganga
Sivaganga,Manamadurai
Sivaganga,Ilayangudi
Madurai,Melur
Madurai,Madurai North
Madurai,Vadipatti
Madurai,Usilampatti
Madurai,Peraiyur
Madurai,Thirumangalam
Madurai,Madurai South
Theni,Bodinayakanur
Theni,Periyakulam
Theni,Theni
Theni,Uthamapalayam
Theni,Andipatti
Virudhunagar,Rajapalayam
Virudhunagar,Srivilliputhur
Virudhunagar,Sivakasi
Virudhunagar,Virudhunagar
Virudhunagar,Kariapatti
Virudhunagar,Tiruchuli
Virudhunagar,Aruppukkottai
Virudhunagar,Sattur
Ramanathapuram,Tiruvadanai
Ramanathapuram,Paramakudi
Ramanathapuram,Mudukulathur
Ramanathapuram,Kamuthi
Ramanathapuram,Kadaladi
Ramanathapuram,Ramanathapuram
Ramanathapuram,Rameswaram
Thoothukkudi,Kovilpatti
Thoothukkudi,Ettayapuram
Thoothukkudi,Vilathikulam
Thoothukkudi,Ottapidaram
Thoothukkudi,Thoothukkudi
Thoothukkudi,Srivaikuntam
Thoothukkudi,Tiruchendur
Thoothukkudi,Sathankulam
Tirunelveli,Sivagiri
Tirunelveli,Sankarankoil
Tirunelveli,Veerakeralamputhur
Tirunelveli,Tenkasi
Tirunelveli,Shenkottai
Tirunelveli,Alangulam
Tirunelveli,Tirunelveli
Tirunelveli,Palayamkottai
Tirunelveli,Ambasamudram
Tirunelveli,Nanguneri
Tirunelveli,Radhapuram
Kanniyakumari,Vilavancode
Kanniyakumari,Kalkulam
Kanniyakumari,Thovala
Kanniyakumari,Agastheeswaram
Dharmapuri,Palakkodu
Dharmapuri,Harur
Dharmapuri,Pappireddipatti
Dharmapuri,Dharmapuri
Dharmapuri,Pennagaram
Krishnagiri,Hosur
Krishnagiri,Krishnagiri
Krishnagiri,Denkanikottai
Krishnagiri,Pochampalli
Krishnagiri,Uthangarai
Coimbatore,Mettupalayam
Coimbatore,Sulur
Coimbatore,Coimbatore North
Coimbatore,Coimbatore South
Coimbatore,Pollachi
Tiruppur,Kangeyam
Tiruppur,Dharapuram
Tiruppur,Avanashi
Tiruppur,Tiruppur
Tiruppur,Palladam
Tiruppur,Udumalaipettai
Tiruppur,Madathukulam
Puducherry,Puducherry Taluk
Puducherry,Villianur Taluk
Puducherry,Bahour Taluk
Karaikal,Karaikal Taluk
Karaikal,Thirunallar Taluk
Nicobars,Car Nicobar
Nicobars,Nancowry
Nicobars,Great Nicobar
North  & Middle Andaman,Diglipur
North  & Middle Andaman,Mayabunder
North  & Middle Andaman,Rangat
South Andaman,Ferrargunj
South Andaman,Port Blair
South Andaman,Little Andaman
